h,k,l,del_CN,del_tension,del_radius,PEN_host,PEN_impurity,IE_host,IE_impurity,EA_host,EA_impurity,Esegr
6,4,3,6,-0.405,0.34,1.9,1.93,7.72638,7.5762,1.23578,1.30447,-0.7
3,2,2,5,-0.405,0.34,1.9,1.93,7.72638,7.5762,1.23578,1.30447,-0.62
1,1,0,5,-0.405,0.34,1.9,1.93,7.72638,7.5762,1.23578,1.30447,-0.63
6,4,3,5,-0.405,0.34,1.9,1.93,7.72638,7.5762,1.23578,1.30447,-0.62
1,0,0,4,-0.405,0.34,1.9,1.93,7.72638,7.5762,1.23578,1.30447,-0.59
6,4,3,4,-0.405,0.34,1.9,1.93,7.72638,7.5762,1.23578,1.30447,-0.54
5,3,1,4,-0.405,0.34,1.9,1.93,7.72638,7.5762,1.23578,1.30447,-0.53
1,1,1,3,-0.405,0.34,1.9,1.93,7.72638,7.5762,1.23578,1.30447,-0.45
3,2,2,3,-0.405,0.34,1.9,1.93,7.72638,7.5762,1.23578,1.30447,-0.43
3,2,2,3,-0.405,0.34,1.9,1.93,7.72638,7.5762,1.23578,1.30447,-0.42
6,4,3,3,-0.405,0.34,1.9,1.93,7.72638,7.5762,1.23578,1.30447,-0.43
3,2,2,2,-0.405,0.34,1.9,1.93,7.72638,7.5762,1.23578,1.30447,-0.36
6,4,3,2,-0.405,0.34,1.9,1.93,7.72638,7.5762,1.23578,1.30447,-0.31
6,4,3,1,-0.405,0.34,1.9,1.93,7.72638,7.5762,1.23578,1.30447,-0.13
3,2,2,0,-0.405,0.34,1.9,1.93,7.72638,7.5762,1.23578,1.30447,0.06
6,4,3,0,-0.405,0.34,1.9,1.93,7.72638,7.5762,1.23578,1.30447,0.04
6,4,3,6,0.7,0.14,1.9,2.28,7.72638,7.4589,1.23578,1.14289,0.64
3,2,2,5,0.7,0.14,1.9,2.28,7.72638,7.4589,1.23578,1.14289,0.62
1,1,0,5,0.7,0.14,1.9,2.28,7.72638,7.4589,1.23578,1.14289,0.58
6,4,3,5,0.7,0.14,1.9,2.28,7.72638,7.4589,1.23578,1.14289,0.51
1,0,0,4,0.7,0.14,1.9,2.28,7.72638,7.4589,1.23578,1.14289,0.42
6,4,3,4,0.7,0.14,1.9,2.28,7.72638,7.4589,1.23578,1.14289,0.31
1,1,1,3,0.7,0.14,1.9,2.28,7.72638,7.4589,1.23578,1.14289,0.15
3,2,2,3,0.7,0.14,1.9,2.28,7.72638,7.4589,1.23578,1.14289,0.37
3,2,2,3,0.7,0.14,1.9,2.28,7.72638,7.4589,1.23578,1.14289,0.38
6,4,3,3,0.7,0.14,1.9,2.28,7.72638,7.4589,1.23578,1.14289,0.2
3,2,2,2,0.7,0.14,1.9,2.28,7.72638,7.4589,1.23578,1.14289,0.23
6,4,3,2,0.7,0.14,1.9,2.28,7.72638,7.4589,1.23578,1.14289,0.09
6,4,3,1,0.7,0.14,1.9,2.28,7.72638,7.4589,1.23578,1.14289,0.01
3,2,2,0,0.7,0.14,1.9,2.28,7.72638,7.4589,1.23578,1.14289,0.26
1,1,1,0,0.7,0.14,1.9,2.28,7.72638,7.4589,1.23578,1.14289,0.12
6,4,3,0,0.7,0.14,1.9,2.28,7.72638,7.4589,1.23578,1.14289,0.02
6,4,3,6,0.2,0.2,1.9,2.2,7.72638,8.3369,1.23578,0.56214,0
3,2,2,5,0.2,0.2,1.9,2.2,7.72638,8.3369,1.23578,0.56214,0.02
1,1,0,5,0.2,0.2,1.9,2.2,7.72638,8.3369,1.23578,0.56214,0.01
6,4,3,5,0.2,0.2,1.9,2.2,7.72638,8.3369,1.23578,0.56214,-0.03
1,0,0,4,0.2,0.2,1.9,2.2,7.72638,8.3369,1.23578,0.56214,-0.08
6,4,3,4,0.2,0.2,1.9,2.2,7.72638,8.3369,1.23578,0.56214,-0.1
1,1,1,3,0.2,0.2,1.9,2.2,7.72638,8.3369,1.23578,0.56214,-0.1
3,2,2,3,0.2,0.2,1.9,2.2,7.72638,8.3369,1.23578,0.56214,0.01
3,2,2,3,0.2,0.2,1.9,2.2,7.72638,8.3369,1.23578,0.56214,0.04
6,4,3,3,0.2,0.2,1.9,2.2,7.72638,8.3369,1.23578,0.56214,-0.06
3,2,2,2,0.2,0.2,1.9,2.2,7.72638,8.3369,1.23578,0.56214,-0.04
6,4,3,2,0.2,0.2,1.9,2.2,7.72638,8.3369,1.23578,0.56214,-0.11
6,4,3,1,0.2,0.2,1.9,2.2,7.72638,8.3369,1.23578,0.56214,-0.09
3,2,2,0,0.2,0.2,1.9,2.2,7.72638,8.3369,1.23578,0.56214,0.11
6,4,3,0,0.2,0.2,1.9,2.2,7.72638,8.3369,1.23578,0.56214,-0.03
6,4,3,6,0.35,0.38,1.9,1.54,7.72638,6.8281,1.23578,0.07554,1
3,2,2,5,0.35,0.38,1.9,1.54,7.72638,6.8281,1.23578,0.07554,0.94
1,1,0,5,0.35,0.38,1.9,1.54,7.72638,6.8281,1.23578,0.07554,0.84
6,4,3,5,0.35,0.38,1.9,1.54,7.72638,6.8281,1.23578,0.07554,0.84
1,0,0,4,0.35,0.38,1.9,1.54,7.72638,6.8281,1.23578,0.07554,0.84
6,4,3,4,0.35,0.38,1.9,1.54,7.72638,6.8281,1.23578,0.07554,0.7
1,1,1,3,0.35,0.38,1.9,1.54,7.72638,6.8281,1.23578,0.07554,0.49
3,2,2,3,0.35,0.38,1.9,1.54,7.72638,6.8281,1.23578,0.07554,0.59
3,2,2,3,0.35,0.38,1.9,1.54,7.72638,6.8281,1.23578,0.07554,0.6
6,4,3,3,0.35,0.38,1.9,1.54,7.72638,6.8281,1.23578,0.07554,0.47
3,2,2,2,0.35,0.38,1.9,1.54,7.72638,6.8281,1.23578,0.07554,0.41
6,4,3,2,0.35,0.38,1.9,1.54,7.72638,6.8281,1.23578,0.07554,0.42
6,4,3,1,0.35,0.38,1.9,1.54,7.72638,6.8281,1.23578,0.07554,0.12
3,2,2,0,0.35,0.38,1.9,1.54,7.72638,6.8281,1.23578,0.07554,0.08
6,4,3,0,0.35,0.38,1.9,1.54,7.72638,6.8281,1.23578,0.07554,-0.02
6,4,3,6,1.1,0.28,1.9,2.36,7.72638,7.864,1.23578,0.81626,1.65
3,2,2,5,1.1,0.28,1.9,2.36,7.72638,7.864,1.23578,0.81626,1.4
1,1,0,5,1.1,0.28,1.9,2.36,7.72638,7.864,1.23578,0.81626,1.4
6,4,3,5,1.1,0.28,1.9,2.36,7.72638,7.864,1.23578,0.81626,1.28
1,0,0,4,1.1,0.28,1.9,2.36,7.72638,7.864,1.23578,0.81626,1.23
6,4,3,4,1.1,0.28,1.9,2.36,7.72638,7.864,1.23578,0.81626,0.93
1,1,1,3,1.1,0.28,1.9,2.36,7.72638,7.864,1.23578,0.81626,0.6
3,2,2,3,1.1,0.28,1.9,2.36,7.72638,7.864,1.23578,0.81626,0.71
3,2,2,3,1.1,0.28,1.9,2.36,7.72638,7.864,1.23578,0.81626,0.71
6,4,3,3,1.1,0.28,1.9,2.36,7.72638,7.864,1.23578,0.81626,0.57
3,2,2,2,1.1,0.28,1.9,2.36,7.72638,7.864,1.23578,0.81626,0.44
6,4,3,2,1.1,0.28,1.9,2.36,7.72638,7.864,1.23578,0.81626,0.26
6,4,3,1,1.1,0.28,1.9,2.36,7.72638,7.864,1.23578,0.81626,-0.08
3,2,2,0,1.1,0.28,1.9,2.36,7.72638,7.864,1.23578,0.81626,0
6,4,3,0,1.1,0.28,1.9,2.36,7.72638,7.864,1.23578,0.81626,-0.27
6,4,3,6,-0.35,0.24,2.28,1.54,7.4589,6.8281,1.14289,0.07554,0.32
3,2,2,5,-0.35,0.24,2.28,1.54,7.4589,6.8281,1.14289,0.07554,0.41
1,1,0,5,-0.35,0.24,2.28,1.54,7.4589,6.8281,1.14289,0.07554,0.06
6,4,3,5,-0.35,0.24,2.28,1.54,7.4589,6.8281,1.14289,0.07554,0.34
1,0,0,4,-0.35,0.24,2.28,1.54,7.4589,6.8281,1.14289,0.07554,0.34
6,4,3,4,-0.35,0.24,2.28,1.54,7.4589,6.8281,1.14289,0.07554,0.24
1,1,1,3,-0.35,0.24,2.28,1.54,7.4589,6.8281,1.14289,0.07554,0.23
3,2,2,3,-0.35,0.24,2.28,1.54,7.4589,6.8281,1.14289,0.07554,0.13
3,2,2,3,-0.35,0.24,2.28,1.54,7.4589,6.8281,1.14289,0.07554,0.34
6,4,3,3,-0.35,0.24,2.28,1.54,7.4589,6.8281,1.14289,0.07554,0.19
3,2,2,2,-0.35,0.24,2.28,1.54,7.4589,6.8281,1.14289,0.07554,0.06
6,4,3,2,-0.35,0.24,2.28,1.54,7.4589,6.8281,1.14289,0.07554,0.19
6,4,3,1,-0.35,0.24,2.28,1.54,7.4589,6.8281,1.14289,0.07554,-0.11
3,2,2,0,-0.35,0.24,2.28,1.54,7.4589,6.8281,1.14289,0.07554,-0.29
6,4,3,0,-0.35,0.24,2.28,1.54,7.4589,6.8281,1.14289,0.07554,-0.32
6,4,3,6,-0.05,0.01,2.28,1.63,7.4589,6.7462,1.14289,0.52766,0.59
3,2,2,5,-0.05,0.01,2.28,1.63,7.4589,6.7462,1.14289,0.52766,0.63
1,1,0,5,-0.05,0.01,2.28,1.63,7.4589,6.7462,1.14289,0.52766,0.27
6,4,3,5,-0.05,0.01,2.28,1.63,7.4589,6.7462,1.14289,0.52766,0.54
1,0,0,4,-0.05,0.01,2.28,1.63,7.4589,6.7462,1.14289,0.52766,0.57
6,4,3,4,-0.05,0.01,2.28,1.63,7.4589,6.7462,1.14289,0.52766,0.4
1,1,1,3,-0.05,0.01,2.28,1.63,7.4589,6.7462,1.14289,0.52766,0.35
3,2,2,3,-0.05,0.01,2.28,1.63,7.4589,6.7462,1.14289,0.52766,0.27
3,2,2,3,-0.05,0.01,2.28,1.63,7.4589,6.7462,1.14289,0.52766,0.5
6,4,3,3,-0.05,0.01,2.28,1.63,7.4589,6.7462,1.14289,0.52766,0.33
3,2,2,2,-0.05,0.01,2.28,1.63,7.4589,6.7462,1.14289,0.52766,0.23
6,4,3,2,-0.05,0.01,2.28,1.63,7.4589,6.7462,1.14289,0.52766,0.33
6,4,3,1,-0.05,0.01,2.28,1.63,7.4589,6.7462,1.14289,0.52766,0.03
3,2,2,0,-0.05,0.01,2.28,1.63,7.4589,6.7462,1.14289,0.52766,-0.2
6,4,3,0,-0.05,0.01,2.28,1.63,7.4589,6.7462,1.14289,0.52766,-0.22
6,4,3,6,-0.7,-0.14,2.28,1.9,7.4589,7.72638,1.14289,1.23578,-0.7
3,2,2,5,-0.7,-0.14,2.28,1.9,7.4589,7.72638,1.14289,1.23578,-0.54
1,1,0,5,-0.7,-0.14,2.28,1.9,7.4589,7.72638,1.14289,1.23578,-0.58
6,4,3,5,-0.7,-0.14,2.28,1.9,7.4589,7.72638,1.14289,1.23578,-0.52
1,0,0,4,-0.7,-0.14,2.28,1.9,7.4589,7.72638,1.14289,1.23578,-0.43
6,4,3,4,-0.7,-0.14,2.28,1.9,7.4589,7.72638,1.14289,1.23578,-0.35
1,1,1,3,-0.7,-0.14,2.28,1.9,7.4589,7.72638,1.14289,1.23578,-0.33
3,2,2,3,-0.7,-0.14,2.28,1.9,7.4589,7.72638,1.14289,1.23578,-0.31
3,2,2,3,-0.7,-0.14,2.28,1.9,7.4589,7.72638,1.14289,1.23578,-0.3
6,4,3,3,-0.7,-0.14,2.28,1.9,7.4589,7.72638,1.14289,1.23578,-0.28
3,2,2,2,-0.7,-0.14,2.28,1.9,7.4589,7.72638,1.14289,1.23578,-0.12
6,4,3,2,-0.7,-0.14,2.28,1.9,7.4589,7.72638,1.14289,1.23578,-0.19
6,4,3,1,-0.7,-0.14,2.28,1.9,7.4589,7.72638,1.14289,1.23578,-0.14
3,2,2,0,-0.7,-0.14,2.28,1.9,7.4589,7.72638,1.14289,1.23578,-0.04
6,4,3,0,-0.7,-0.14,2.28,1.9,7.4589,7.72638,1.14289,1.23578,-0.16
6,4,3,6,-0.2,0.09,2.28,2.28,7.4589,8.9587,1.14289,2.1251,-0.36
3,2,2,5,-0.2,0.09,2.28,2.28,7.4589,8.9587,1.14289,2.1251,-0.38
1,1,0,5,-0.2,0.09,2.28,2.28,7.4589,8.9587,1.14289,2.1251,-0.32
6,4,3,5,-0.2,0.09,2.28,2.28,7.4589,8.9587,1.14289,2.1251,-0.36
1,0,0,4,-0.2,0.09,2.28,2.28,7.4589,8.9587,1.14289,2.1251,-0.36
6,4,3,4,-0.2,0.09,2.28,2.28,7.4589,8.9587,1.14289,2.1251,-0.37
1,1,1,3,-0.2,0.09,2.28,2.28,7.4589,8.9587,1.14289,2.1251,-0.38
3,2,2,3,-0.2,0.09,2.28,2.28,7.4589,8.9587,1.14289,2.1251,-0.32
3,2,2,3,-0.2,0.09,2.28,2.28,7.4589,8.9587,1.14289,2.1251,-0.35
6,4,3,3,-0.2,0.09,2.28,2.28,7.4589,8.9587,1.14289,2.1251,-0.32
3,2,2,2,-0.2,0.09,2.28,2.28,7.4589,8.9587,1.14289,2.1251,-0.25
6,4,3,2,-0.2,0.09,2.28,2.28,7.4589,8.9587,1.14289,2.1251,-0.3
6,4,3,1,-0.2,0.09,2.28,2.28,7.4589,8.9587,1.14289,2.1251,-0.14
3,2,2,0,-0.2,0.09,2.28,2.28,7.4589,8.9587,1.14289,2.1251,0.06
6,4,3,0,-0.2,0.09,2.28,2.28,7.4589,8.9587,1.14289,2.1251,0.02
6,4,3,6,0.7,0.06,2.28,1.9,7.4589,7.8335,1.14289,0.060396,1.18
3,2,2,5,0.7,0.06,2.28,1.9,7.4589,7.8335,1.14289,0.060396,1.04
1,1,0,5,0.7,0.06,2.28,1.9,7.4589,7.8335,1.14289,0.060396,0.8
6,4,3,5,0.7,0.06,2.28,1.9,7.4589,7.8335,1.14289,0.060396,0.93
1,0,0,4,0.7,0.06,2.28,1.9,7.4589,7.8335,1.14289,0.060396,0.86
6,4,3,4,0.7,0.06,2.28,1.9,7.4589,7.8335,1.14289,0.060396,0.66
1,1,1,3,0.7,0.06,2.28,1.9,7.4589,7.8335,1.14289,0.060396,0.48
3,2,2,3,0.7,0.06,2.28,1.9,7.4589,7.8335,1.14289,0.060396,0.47
3,2,2,3,0.7,0.06,2.28,1.9,7.4589,7.8335,1.14289,0.060396,0.64
6,4,3,3,0.7,0.06,2.28,1.9,7.4589,7.8335,1.14289,0.060396,0.45
3,2,2,2,0.7,0.06,2.28,1.9,7.4589,7.8335,1.14289,0.060396,0.25
6,4,3,2,0.7,0.06,2.28,1.9,7.4589,7.8335,1.14289,0.060396,0.39
6,4,3,1,0.7,0.06,2.28,1.9,7.4589,7.8335,1.14289,0.060396,0.09
3,2,2,0,0.7,0.06,2.28,1.9,7.4589,7.8335,1.14289,0.060396,-0.11
6,4,3,0,0.7,0.06,2.28,1.9,7.4589,7.8335,1.14289,0.060396,-0.07
6,4,3,6,-0.2,-0.2,2.2,1.9,8.3369,7.72638,0.56214,1.23578,0.05
3,2,2,5,-0.2,-0.2,2.2,1.9,8.3369,7.72638,0.56214,1.23578,0.11
1,1,0,5,-0.2,-0.2,2.2,1.9,8.3369,7.72638,0.56214,1.23578,0.02
6,4,3,5,-0.2,-0.2,2.2,1.9,8.3369,7.72638,0.56214,1.23578,0.1
1,0,0,4,-0.2,-0.2,2.2,1.9,8.3369,7.72638,0.56214,1.23578,0.19
6,4,3,4,-0.2,-0.2,2.2,1.9,8.3369,7.72638,0.56214,1.23578,0.14
1,1,1,3,-0.2,-0.2,2.2,1.9,8.3369,7.72638,0.56214,1.23578,0.16
3,2,2,3,-0.2,-0.2,2.2,1.9,8.3369,7.72638,0.56214,1.23578,0.09
3,2,2,3,-0.2,-0.2,2.2,1.9,8.3369,7.72638,0.56214,1.23578,0.13
6,4,3,3,-0.2,-0.2,2.2,1.9,8.3369,7.72638,0.56214,1.23578,0.1
3,2,2,2,-0.2,-0.2,2.2,1.9,8.3369,7.72638,0.56214,1.23578,0.22
6,4,3,2,-0.2,-0.2,2.2,1.9,8.3369,7.72638,0.56214,1.23578,0.22
6,4,3,1,-0.2,-0.2,2.2,1.9,8.3369,7.72638,0.56214,1.23578,0.15
3,2,2,0,-0.2,-0.2,2.2,1.9,8.3369,7.72638,0.56214,1.23578,0.05
6,4,3,0,-0.2,-0.2,2.2,1.9,8.3369,7.72638,0.56214,1.23578,0.07
6,4,3,6,0.45,-0.05,2.2,1.63,8.3369,6.7462,0.56214,0.52766,0.92
3,2,2,5,0.45,-0.05,2.2,1.63,8.3369,6.7462,0.56214,0.52766,0.72
1,1,0,5,0.45,-0.05,2.2,1.63,8.3369,6.7462,0.56214,0.52766,0.63
6,4,3,5,0.45,-0.05,2.2,1.63,8.3369,6.7462,0.56214,0.52766,0.69
1,0,0,4,0.45,-0.05,2.2,1.63,8.3369,6.7462,0.56214,0.52766,0.63
6,4,3,4,0.45,-0.05,2.2,1.63,8.3369,6.7462,0.56214,0.52766,0.58
1,1,1,3,0.45,-0.05,2.2,1.63,8.3369,6.7462,0.56214,0.52766,0.64
3,2,2,3,0.45,-0.05,2.2,1.63,8.3369,6.7462,0.56214,0.52766,0.48
3,2,2,3,0.45,-0.05,2.2,1.63,8.3369,6.7462,0.56214,0.52766,0.53
6,4,3,3,0.45,-0.05,2.2,1.63,8.3369,6.7462,0.56214,0.52766,0.53
3,2,2,2,0.45,-0.05,2.2,1.63,8.3369,6.7462,0.56214,0.52766,0.32
6,4,3,2,0.45,-0.05,2.2,1.63,8.3369,6.7462,0.56214,0.52766,0.34
6,4,3,1,0.45,-0.05,2.2,1.63,8.3369,6.7462,0.56214,0.52766,0.17
3,2,2,0,0.45,-0.05,2.2,1.63,8.3369,6.7462,0.56214,0.52766,-0.03
6,4,3,0,0.45,-0.05,2.2,1.63,8.3369,6.7462,0.56214,0.52766,0.09
6,4,3,6,0.5,-0.06,2.2,2.28,8.3369,7.4589,0.56214,1.14289,0.47
3,2,2,5,0.5,-0.06,2.2,2.28,8.3369,7.4589,0.56214,1.14289,0.38
1,1,0,5,0.5,-0.06,2.2,2.28,8.3369,7.4589,0.56214,1.14289,0.39
6,4,3,5,0.5,-0.06,2.2,2.28,8.3369,7.4589,0.56214,1.14289,0.36
1,0,0,4,0.5,-0.06,2.2,2.28,8.3369,7.4589,0.56214,1.14289,0.33
6,4,3,4,0.5,-0.06,2.2,2.28,8.3369,7.4589,0.56214,1.14289,0.3
1,1,1,3,0.5,-0.06,2.2,2.28,8.3369,7.4589,0.56214,1.14289,0.28
3,2,2,3,0.5,-0.06,2.2,2.28,8.3369,7.4589,0.56214,1.14289,0.24
3,2,2,3,0.5,-0.06,2.2,2.28,8.3369,7.4589,0.56214,1.14289,0.21
6,4,3,3,0.5,-0.06,2.2,2.28,8.3369,7.4589,0.56214,1.14289,0.24
3,2,2,2,0.5,-0.06,2.2,2.28,8.3369,7.4589,0.56214,1.14289,0.14
6,4,3,2,0.5,-0.06,2.2,2.28,8.3369,7.4589,0.56214,1.14289,0.13
6,4,3,1,0.5,-0.06,2.2,2.28,8.3369,7.4589,0.56214,1.14289,0.03
3,2,2,0,0.5,-0.06,2.2,2.28,8.3369,7.4589,0.56214,1.14289,-0.03
6,4,3,0,0.5,-0.06,2.2,2.28,8.3369,7.4589,0.56214,1.14289,-0.01
6,4,3,6,-0.605,0.14,2.2,1.93,8.3369,7.5762,0.56214,1.30447,-0.48
3,2,2,5,-0.605,0.14,2.2,1.93,8.3369,7.5762,0.56214,1.30447,-0.41
1,1,0,5,-0.605,0.14,2.2,1.93,8.3369,7.5762,0.56214,1.30447,-0.48
6,4,3,5,-0.605,0.14,2.2,1.93,8.3369,7.5762,0.56214,1.30447,-0.38
1,0,0,4,-0.605,0.14,2.2,1.93,8.3369,7.5762,0.56214,1.30447,-0.34
6,4,3,4,-0.605,0.14,2.2,1.93,8.3369,7.5762,0.56214,1.30447,-0.34
1,1,1,3,-0.605,0.14,2.2,1.93,8.3369,7.5762,0.56214,1.30447,-0.28
3,2,2,3,-0.605,0.14,2.2,1.93,8.3369,7.5762,0.56214,1.30447,-0.3
3,2,2,3,-0.605,0.14,2.2,1.93,8.3369,7.5762,0.56214,1.30447,-0.26
6,4,3,3,-0.605,0.14,2.2,1.93,8.3369,7.5762,0.56214,1.30447,-0.29
3,2,2,2,-0.605,0.14,2.2,1.93,8.3369,7.5762,0.56214,1.30447,-0.17
6,4,3,2,-0.605,0.14,2.2,1.93,8.3369,7.5762,0.56214,1.30447,-0.14
6,4,3,1,-0.605,0.14,2.2,1.93,8.3369,7.5762,0.56214,1.30447,-0.04
3,2,2,0,-0.605,0.14,2.2,1.93,8.3369,7.5762,0.56214,1.30447,-0.02
6,4,3,0,-0.605,0.14,2.2,1.93,8.3369,7.5762,0.56214,1.30447,-0.03
6,4,3,6,0.3,0.03,2.2,2.28,8.3369,8.9587,0.56214,2.1251,-0.32
3,2,2,5,0.3,0.03,2.2,2.28,8.3369,8.9587,0.56214,2.1251,0.22
1,1,0,5,0.3,0.03,2.2,2.28,8.3369,8.9587,0.56214,2.1251,0.27
6,4,3,5,0.3,0.03,2.2,2.28,8.3369,8.9587,0.56214,2.1251,0.21
1,0,0,4,0.3,0.03,2.2,2.28,8.3369,8.9587,0.56214,2.1251,0.19
6,4,3,4,0.3,0.03,2.2,2.28,8.3369,8.9587,0.56214,2.1251,0.13
1,1,1,3,0.3,0.03,2.2,2.28,8.3369,8.9587,0.56214,2.1251,0.1
3,2,2,3,0.3,0.03,2.2,2.28,8.3369,8.9587,0.56214,2.1251,0.1
3,2,2,3,0.3,0.03,2.2,2.28,8.3369,8.9587,0.56214,2.1251,0.07
6,4,3,3,0.3,0.03,2.2,2.28,8.3369,8.9587,0.56214,2.1251,0.09
3,2,2,2,0.3,0.03,2.2,2.28,8.3369,8.9587,0.56214,2.1251,0.05
6,4,3,2,0.3,0.03,2.2,2.28,8.3369,8.9587,0.56214,2.1251,0.01
6,4,3,1,0.3,0.03,2.2,2.28,8.3369,8.9587,0.56214,2.1251,0
3,2,2,0,0.3,0.03,2.2,2.28,8.3369,8.9587,0.56214,2.1251,0.04
6,4,3,0,0.3,0.03,2.2,2.28,8.3369,8.9587,0.56214,2.1251,0.05
6,4,3,6,-0.6,0.21,2.2,1.54,8.967,6.8281,1.56436,0.07554,0.04
3,2,2,5,-0.6,0.21,2.2,1.54,8.967,6.8281,1.56436,0.07554,0.16
1,1,0,5,-0.6,0.21,2.2,1.54,8.967,6.8281,1.56436,0.07554,-0.35
6,4,3,5,-0.6,0.21,2.2,1.54,8.967,6.8281,1.56436,0.07554,0.19
1,0,0,4,-0.6,0.21,2.2,1.54,8.967,6.8281,1.56436,0.07554,0.17
6,4,3,4,-0.6,0.21,2.2,1.54,8.967,6.8281,1.56436,0.07554,0.14
1,1,1,3,-0.6,0.21,2.2,1.54,8.967,6.8281,1.56436,0.07554,0.12
3,2,2,3,-0.6,0.21,2.2,1.54,8.967,6.8281,1.56436,0.07554,0
3,2,2,3,-0.6,0.21,2.2,1.54,8.967,6.8281,1.56436,0.07554,0.21
6,4,3,3,-0.6,0.21,2.2,1.54,8.967,6.8281,1.56436,0.07554,0.08
3,2,2,2,-0.6,0.21,2.2,1.54,8.967,6.8281,1.56436,0.07554,-0.04
6,4,3,2,-0.6,0.21,2.2,1.54,8.967,6.8281,1.56436,0.07554,0.13
6,4,3,1,-0.6,0.21,2.2,1.54,8.967,6.8281,1.56436,0.07554,-0.19
3,2,2,0,-0.6,0.21,2.2,1.54,8.967,6.8281,1.56436,0.07554,-0.49
6,4,3,0,-0.6,0.21,2.2,1.54,8.967,6.8281,1.56436,0.07554,-0.59
6,4,3,6,-0.95,-0.17,2.2,1.9,8.967,7.72638,1.56436,1.23578,-1.16
3,2,2,5,-0.95,-0.17,2.2,1.9,8.967,7.72638,1.56436,1.23578,-0.88
1,1,0,5,-0.95,-0.17,2.2,1.9,8.967,7.72638,1.56436,1.23578,-0.99
6,4,3,5,-0.95,-0.17,2.2,1.9,8.967,7.72638,1.56436,1.23578,-0.79
1,0,0,4,-0.95,-0.17,2.2,1.9,8.967,7.72638,1.56436,1.23578,-0.65
6,4,3,4,-0.95,-0.17,2.2,1.9,8.967,7.72638,1.56436,1.23578,-0.43
1,1,1,3,-0.95,-0.17,2.2,1.9,8.967,7.72638,1.56436,1.23578,-0.43
3,2,2,3,-0.95,-0.17,2.2,1.9,8.967,7.72638,1.56436,1.23578,-0.45
3,2,2,3,-0.95,-0.17,2.2,1.9,8.967,7.72638,1.56436,1.23578,-0.48
6,4,3,3,-0.95,-0.17,2.2,1.9,8.967,7.72638,1.56436,1.23578,-0.35
3,2,2,2,-0.95,-0.17,2.2,1.9,8.967,7.72638,1.56436,1.23578,-0.23
6,4,3,2,-0.95,-0.17,2.2,1.9,8.967,7.72638,1.56436,1.23578,-0.22
6,4,3,1,-0.95,-0.17,2.2,1.9,8.967,7.72638,1.56436,1.23578,-0.22
3,2,2,0,-0.95,-0.17,2.2,1.9,8.967,7.72638,1.56436,1.23578,-0.34
6,4,3,0,-0.95,-0.17,2.2,1.9,8.967,7.72638,1.56436,1.23578,-0.19
6,4,3,6,-0.25,-0.03,2.2,2.28,8.967,7.4589,1.56436,1.14289,-0.36
3,2,2,5,-0.25,-0.03,2.2,2.28,8.967,7.4589,1.56436,1.14289,-0.27
1,1,0,5,-0.25,-0.03,2.2,2.28,8.967,7.4589,1.56436,1.14289,-0.31
6,4,3,5,-0.25,-0.03,2.2,2.28,8.967,7.4589,1.56436,1.14289,-0.24
1,0,0,4,-0.25,-0.03,2.2,2.28,8.967,7.4589,1.56436,1.14289,-0.23
6,4,3,4,-0.25,-0.03,2.2,2.28,8.967,7.4589,1.56436,1.14289,-0.09
1,1,1,3,-0.25,-0.03,2.2,2.28,8.967,7.4589,1.56436,1.14289,-0.06
3,2,2,3,-0.25,-0.03,2.2,2.28,8.967,7.4589,1.56436,1.14289,-0.03
3,2,2,3,-0.25,-0.03,2.2,2.28,8.967,7.4589,1.56436,1.14289,-0.05
6,4,3,3,-0.25,-0.03,2.2,2.28,8.967,7.4589,1.56436,1.14289,-0.03
3,2,2,2,-0.25,-0.03,2.2,2.28,8.967,7.4589,1.56436,1.14289,0
6,4,3,2,-0.25,-0.03,2.2,2.28,8.967,7.4589,1.56436,1.14289,0.01
6,4,3,1,-0.25,-0.03,2.2,2.28,8.967,7.4589,1.56436,1.14289,0.01
3,2,2,0,-0.25,-0.03,2.2,2.28,8.967,7.4589,1.56436,1.14289,-0.03
6,4,3,0,-0.25,-0.03,2.2,2.28,8.967,7.4589,1.56436,1.14289,-0.04
6,4,3,6,-0.75,0.03,2.2,2.2,8.967,8.3369,1.56436,0.56214,-1.22
3,2,2,5,-0.75,0.03,2.2,2.2,8.967,8.3369,1.56436,0.56214,-1.04
1,1,0,5,-0.75,0.03,2.2,2.2,8.967,8.3369,1.56436,0.56214,-1.06
6,4,3,5,-0.75,0.03,2.2,2.2,8.967,8.3369,1.56436,0.56214,-0.95
1,0,0,4,-0.75,0.03,2.2,2.2,8.967,8.3369,1.56436,0.56214,-0.9
6,4,3,4,-0.75,0.03,2.2,2.2,8.967,8.3369,1.56436,0.56214,-0.65
1,1,1,3,-0.75,0.03,2.2,2.2,8.967,8.3369,1.56436,0.56214,-0.62
3,2,2,3,-0.75,0.03,2.2,2.2,8.967,8.3369,1.56436,0.56214,-0.52
3,2,2,3,-0.75,0.03,2.2,2.2,8.967,8.3369,1.56436,0.56214,-0.6
6,4,3,3,-0.75,0.03,2.2,2.2,8.967,8.3369,1.56436,0.56214,-0.48
3,2,2,2,-0.75,0.03,2.2,2.2,8.967,8.3369,1.56436,0.56214,-0.41
6,4,3,2,-0.75,0.03,2.2,2.2,8.967,8.3369,1.56436,0.56214,-0.39
6,4,3,1,-0.75,0.03,2.2,2.2,8.967,8.3369,1.56436,0.56214,-0.2
3,2,2,0,-0.75,0.03,2.2,2.2,8.967,8.3369,1.56436,0.56214,-0.07
6,4,3,0,-0.75,0.03,2.2,2.2,8.967,8.3369,1.56436,0.56214,-0.09
6,4,3,6,-0.45,0.06,2.2,2.28,8.967,8.9587,1.56436,2.1251,-0.96
3,2,2,5,-0.45,0.06,2.2,2.28,8.967,8.9587,1.56436,2.1251,-0.88
1,1,0,5,-0.45,0.06,2.2,2.28,8.967,8.9587,1.56436,2.1251,-0.85
6,4,3,5,-0.45,0.06,2.2,2.28,8.967,8.9587,1.56436,2.1251,-0.8
1,0,0,4,-0.45,0.06,2.2,2.28,8.967,8.9587,1.56436,2.1251,-0.78
6,4,3,4,-0.45,0.06,2.2,2.28,8.967,8.9587,1.56436,2.1251,-0.66
1,1,1,3,-0.45,0.06,2.2,2.28,8.967,8.9587,1.56436,2.1251,-0.63
3,2,2,3,-0.45,0.06,2.2,2.28,8.967,8.9587,1.56436,2.1251,-0.56
3,2,2,3,-0.45,0.06,2.2,2.28,8.967,8.9587,1.56436,2.1251,-0.63
6,4,3,3,-0.45,0.06,2.2,2.28,8.967,8.9587,1.56436,2.1251,-0.52
3,2,2,2,-0.45,0.06,2.2,2.28,8.967,8.9587,1.56436,2.1251,-0.47
6,4,3,2,-0.45,0.06,2.2,2.28,8.967,8.9587,1.56436,2.1251,-0.46
6,4,3,1,-0.45,0.06,2.2,2.28,8.967,8.9587,1.56436,2.1251,-0.24
3,2,2,0,-0.45,0.06,2.2,2.28,8.967,8.9587,1.56436,2.1251,-0.04
6,4,3,0,-0.45,0.06,2.2,2.28,8.967,8.9587,1.56436,2.1251,-0.04
0,0,1,3,0.3,-0.23,1.54,1.63,6.8281,6.7462,0.07554,0.52766,0.1
0,0,1,3,-0.06,-0.37,1.54,1.66,6.8281,6.7665,0.07554,0.67584,-0.24
0,0,1,3,-0.59,-0.35,1.54,1.55,6.8281,7.43402,0.07554,-0.5,-0.34
0,0,1,3,0.23,-0.39,1.54,1.83,6.8281,7.9024,0.07554,0.153236,-0.41
0,0,1,3,0.23,-0.43,1.54,1.88,6.8281,7.881,0.07554,0.66226,-0.56
0,0,1,3,0.13,-0.45,1.54,1.91,6.8281,7.6398,0.07554,1.15716,-0.75
0,0,1,3,-0.35,-0.38,1.54,1.9,6.8281,7.72638,0.07554,1.23578,-0.94
0,0,1,3,-0.17,0.3,1.54,1.33,6.8281,6.6339,0.07554,0.43328,-0.38
0,0,1,3,0.25,0.02,1.54,1.6,6.8281,6.75885,0.07554,0.9174,0.03
0,0,1,3,0.6,-0.06,1.54,2.16,6.8281,7.09243,0.07554,0.7473,0.09
0,0,1,3,0.45,-0.21,1.54,1.9,6.8281,7.28,0.07554,0.55,-0.06
0,0,1,3,0.6,-0.26,1.54,2.2,6.8281,7.3605,0.07554,1.04638,-0.31
0,0,1,3,0.35,-0.24,1.54,2.28,6.8281,7.4589,0.07554,1.14289,-0.62
0,0,1,3,-0.15,-0.18,1.54,2.2,6.8281,8.3369,0.07554,0.56214,-0.93
0,0,1,3,-0.755,-0.04,1.54,1.93,6.8281,7.5762,0.07554,1.30447,-1.18
0,0,1,3,-0.02,0.25,1.54,1.3,6.8281,6.82507,0.07554,0.178,-0.14
0,0,1,3,0.5,0.02,1.54,1.5,6.8281,7.5496,0.07554,0.323,0.25
0,0,1,3,0.75,-0.1,1.54,2.36,6.8281,7.864,0.07554,0.81626,0.35
0,0,1,3,1.05,-0.18,1.54,1.9,6.8281,7.8335,0.07554,0.060396,0.2
0,0,1,3,0.85,-0.22,1.54,2.2,6.8281,8.4382,0.07554,1.0778,-0.04
0,0,1,3,0.6,-0.21,1.54,2.2,6.8281,8.967,0.07554,1.56436,-0.37
0,0,1,3,0.15,-0.15,1.54,2.28,6.8281,8.9587,0.07554,2.1251,-0.72
0,0,1,3,-0.51,-0.05,1.54,2.54,6.8281,9.2255,0.07554,2.30861,-1.05
1,1,0,6,-0.3,0.23,1.63,1.54,6.7462,6.8281,0.52766,0.07554,-0.49
1,1,0,6,-0.36,-0.14,1.63,1.66,6.7462,6.7665,0.52766,0.67584,0.3
1,1,0,6,-0.89,-0.12,1.63,1.55,6.7462,7.43402,0.52766,-0.5,0.41
1,1,0,6,-0.07,-0.16,1.63,1.83,6.7462,7.9024,0.52766,0.153236,0.36
1,1,0,6,-0.07,-0.2,1.63,1.88,6.7462,7.881,0.52766,0.66226,0.15
1,1,0,6,-0.17,-0.22,1.63,1.91,6.7462,7.6398,0.52766,1.15716,-0.12
1,1,0,6,-0.65,-0.15,1.63,1.9,6.7462,7.72638,0.52766,1.23578,-0.54
1,1,0,6,-0.47,0.53,1.63,1.33,6.7462,6.6339,0.52766,0.43328,-1.08
1,1,0,6,-0.05,0.25,1.63,1.6,6.7462,6.75885,0.52766,0.9174,-0.41
1,1,0,6,0.3,0.17,1.63,2.16,6.7462,7.09243,0.52766,0.7473,0.1
1,1,0,6,0.15,0.02,1.63,1.9,6.7462,7.28,0.52766,0.55,0.36
1,1,0,6,0.3,-0.03,1.63,2.2,6.7462,7.3605,0.52766,1.04638,0.39
1,1,0,6,0.05,-0.01,1.63,2.28,6.7462,7.4589,0.52766,1.14289,0.13
1,1,0,6,-0.45,0.05,1.63,2.2,6.7462,8.3369,0.52766,0.56214,-0.28
1,1,0,6,-1.055,0.19,1.63,1.93,6.7462,7.5762,0.52766,1.30447,-0.75
1,1,0,6,-0.32,0.48,1.63,1.3,6.7462,6.82507,0.52766,0.178,-1
1,1,0,6,0.2,0.25,1.63,1.5,6.7462,7.5496,0.52766,0.323,-0.23
1,1,0,6,0.45,0.13,1.63,2.36,6.7462,7.864,0.52766,0.81626,0.31
1,1,0,6,0.75,0.05,1.63,1.9,6.7462,7.8335,0.52766,0.060396,0.62
1,1,0,6,0.55,0.01,1.63,2.2,6.7462,8.4382,0.52766,1.0778,0.68
1,1,0,6,0.3,0.02,1.63,2.2,6.7462,8.967,0.52766,1.56436,0.51
1,1,0,6,-0.15,0.08,1.63,2.28,6.7462,8.9587,0.52766,2.1251,0.09
1,1,0,6,-0.81,0.18,1.63,2.54,6.7462,9.2255,0.52766,2.30861,-0.39
1,1,0,6,0.06,0.37,1.66,1.54,6.7665,6.8281,0.67584,0.07554,-0.72
1,1,0,6,0.36,0.14,1.66,1.63,6.7665,6.7462,0.67584,0.52766,-0.15
1,1,0,6,-0.53,0.02,1.66,1.55,6.7665,7.43402,0.67584,-0.5,-0.14
1,1,0,6,0.29,-0.02,1.66,1.83,6.7665,7.9024,0.67584,0.153236,-0.44
1,1,0,6,0.29,-0.06,1.66,1.88,6.7665,7.881,0.67584,0.66226,-0.67
1,1,0,6,0.19,-0.08,1.66,1.91,6.7665,7.6398,0.67584,1.15716,-0.8
1,1,0,6,-0.29,-0.01,1.66,1.9,6.7665,7.72638,0.67584,1.23578,-1.02
1,1,0,6,-0.11,0.67,1.66,1.33,6.7665,6.6339,0.67584,0.43328,-2.05
1,1,0,6,0.31,0.39,1.66,1.6,6.7665,6.75885,0.67584,0.9174,-1.15
1,1,0,6,0.66,0.31,1.66,2.16,6.7665,7.09243,0.67584,0.7473,-0.62
1,1,0,6,0.51,0.16,1.66,1.9,6.7665,7.28,0.67584,0.55,-0.45
1,1,0,6,0.66,0.11,1.66,2.2,6.7665,7.3605,0.67584,1.04638,-0.68
1,1,0,6,0.41,0.13,1.66,2.28,6.7665,7.4589,0.67584,1.14289,-1.25
1,1,0,6,-0.09,0.19,1.66,2.2,6.7665,8.3369,0.67584,0.56214,-1.7
1,1,0,6,-0.695,0.33,1.66,1.93,6.7665,7.5762,0.67584,1.30447,-1.9
1,1,0,6,0.04,0.62,1.66,1.3,6.7665,6.82507,0.67584,0.178,-1.55
1,1,0,6,0.56,0.39,1.66,1.5,6.7665,7.5496,0.67584,0.323,-0.98
1,1,0,6,0.81,0.27,1.66,2.36,6.7665,7.864,0.67584,0.81626,-0.4
1,1,0,6,1.11,0.19,1.66,1.9,6.7665,7.8335,0.67584,0.060396,-0.17
1,1,0,6,0.91,0.15,1.66,2.2,6.7665,8.4382,0.67584,1.0778,-0.29
1,1,0,6,0.66,0.16,1.66,2.2,6.7665,8.967,0.67584,1.56436,-0.81
1,1,0,6,0.21,0.22,1.66,2.28,6.7665,8.9587,0.67584,2.1251,-1.58
1,1,0,6,-0.45,0.32,1.66,2.54,6.7665,9.2255,0.67584,2.30861,-1.98
1,1,0,6,0.59,0.35,1.55,1.54,7.43402,6.8281,-0.5,0.07554,-0.83
1,1,0,6,0.89,0.12,1.55,1.63,7.43402,6.7462,-0.5,0.52766,-0.32
1,1,0,6,0.53,-0.02,1.55,1.66,7.43402,6.7665,-0.5,0.67584,-0.1
1,1,0,6,0.82,-0.04,1.55,1.83,7.43402,7.9024,-0.5,0.153236,-0.12
1,1,0,6,0.82,-0.08,1.55,1.88,7.43402,7.881,-0.5,0.66226,-0.26
1,1,0,6,0.72,-0.1,1.55,1.91,7.43402,7.6398,-0.5,1.15716,-0.47
1,1,0,6,0.24,-0.03,1.55,1.9,7.43402,7.72638,-0.5,1.23578,-0.77
1,1,0,6,0.42,0.65,1.55,1.33,7.43402,6.6339,-0.5,0.43328,-2.15
1,1,0,6,0.84,0.37,1.55,1.6,7.43402,6.75885,-0.5,0.9174,-1.28
1,1,0,6,1.19,0.29,1.55,2.16,7.43402,7.09243,-0.5,0.7473,-0.73
1,1,0,6,1.04,0.14,1.55,1.9,7.43402,7.28,-0.5,0.55,-0.48
1,1,0,6,1.19,0.09,1.55,2.2,7.43402,7.3605,-0.5,1.04638,-0.52
1,1,0,6,0.94,0.11,1.55,2.28,7.43402,7.4589,-0.5,1.14289,-0.69
1,1,0,6,0.44,0.17,1.55,2.2,7.43402,8.3369,-0.5,0.56214,-0.93
1,1,0,6,-0.165,0.31,1.55,1.93,7.43402,7.5762,-0.5,1.30447,-1.31
1,1,0,6,0.57,0.6,1.55,1.3,7.43402,6.82507,-0.5,0.178,-1.83
1,1,0,6,1.09,0.37,1.55,1.5,7.43402,7.5496,-0.5,0.323,-1.03
1,1,0,6,1.34,0.25,1.55,2.36,7.43402,7.864,-0.5,0.81626,-0.56
1,1,0,6,1.64,0.17,1.55,1.9,7.43402,7.8335,-0.5,0.060396,-0.31
1,1,0,6,1.44,0.13,1.55,2.2,7.43402,8.4382,-0.5,1.0778,-0.32
1,1,0,6,1.19,0.14,1.55,2.2,7.43402,8.967,-0.5,1.56436,-0.53
1,1,0,6,0.74,0.2,1.55,2.28,7.43402,8.9587,-0.5,2.1251,-0.83
1,1,0,6,0.08,0.3,1.55,2.54,7.43402,9.2255,-0.5,2.30861,-1.23
1,1,0,6,-0.23,0.39,1.83,1.54,7.9024,6.8281,0.153236,0.07554,-0.39
1,1,0,6,0.07,0.16,1.83,1.63,7.9024,6.7462,0.153236,0.52766,0.06
1,1,0,6,-0.29,0.02,1.83,1.66,7.9024,6.7665,0.153236,0.67584,0.1
1,1,0,6,-0.82,0.04,1.83,1.55,7.9024,7.43402,0.153236,-0.5,-0.16
1,1,0,6,0,-0.04,1.83,1.88,7.9024,7.881,0.153236,0.66226,-0.14
1,1,0,6,-0.1,-0.06,1.83,1.91,7.9024,7.6398,0.153236,1.15716,-0.65
1,1,0,6,-0.58,0.01,1.83,1.9,7.9024,7.72638,0.153236,1.23578,-0.83
1,1,0,6,-0.4,0.69,1.83,1.33,7.9024,6.6339,0.153236,0.43328,-1.6
1,1,0,6,0.02,0.41,1.83,1.6,7.9024,6.75885,0.153236,0.9174,-0.65
1,1,0,6,0.37,0.33,1.83,2.16,7.9024,7.09243,0.153236,0.7473,-0.06
1,1,0,6,0.22,0.18,1.83,1.9,7.9024,7.28,0.153236,0.55,0.1
1,1,0,6,0.37,0.13,1.83,2.2,7.9024,7.3605,0.153236,1.04638,-0.2
1,1,0,6,0.12,0.15,1.83,2.28,7.9024,7.4589,0.153236,1.14289,-0.52
1,1,0,6,-0.38,0.21,1.83,2.2,7.9024,8.3369,0.153236,0.56214,-1.05
1,1,0,6,-0.985,0.35,1.83,1.93,7.9024,7.5762,0.153236,1.30447,-1.55
1,1,0,6,-0.25,0.64,1.83,1.3,7.9024,6.82507,0.153236,0.178,-1.5
1,1,0,6,0.27,0.41,1.83,1.5,7.9024,7.5496,0.153236,0.323,-0.35
1,1,0,6,0.52,0.29,1.83,2.36,7.9024,7.864,0.153236,0.81626,0.2
1,1,0,6,0.82,0.21,1.83,1.9,7.9024,7.8335,0.153236,0.060396,0.45
1,1,0,6,0.62,0.17,1.83,2.2,7.9024,8.4382,0.153236,1.0778,0.25
1,1,0,6,0.37,0.18,1.83,2.2,7.9024,8.967,0.153236,1.56436,-0.15
1,1,0,6,-0.08,0.24,1.83,2.28,7.9024,8.9587,0.153236,2.1251,-0.66
1,1,0,6,-0.74,0.34,1.83,2.54,7.9024,9.2255,0.153236,2.30861,-1.36
0,0,1,3,-0.23,0.43,1.88,1.54,7.881,6.8281,0.66226,0.07554,-0.33
0,0,1,3,0.07,0.2,1.88,1.63,7.881,6.7462,0.66226,0.52766,0.13
0,0,1,3,-0.29,0.06,1.88,1.66,7.881,6.7665,0.66226,0.67584,0.19
0,0,1,3,-0.82,0.08,1.88,1.55,7.881,7.43402,0.66226,-0.5,0.1
0,0,1,3,0,0.04,1.88,1.83,7.881,7.9024,0.66226,0.153236,-0.01
0,0,1,3,-0.1,-0.02,1.88,1.91,7.881,7.6398,0.66226,1.15716,-0.13
0,0,1,3,-0.58,0.05,1.88,1.9,7.881,7.72638,0.66226,1.23578,-0.48
0,0,1,3,-0.4,0.73,1.88,1.33,7.881,6.6339,0.66226,0.43328,-1.4
0,0,1,3,0.02,0.45,1.88,1.6,7.881,6.75885,0.66226,0.9174,-0.45
0,0,1,3,0.37,0.37,1.88,2.16,7.881,7.09243,0.66226,0.7473,0
0,0,1,3,0.22,0.22,1.88,1.9,7.881,7.28,0.66226,0.55,0.49
0,0,1,3,0.37,0.17,1.88,2.2,7.881,7.3605,0.66226,1.04638,0.12
0,0,1,3,0.12,0.19,1.88,2.28,7.881,7.4589,0.66226,1.14289,-0.4
0,0,1,3,-0.38,0.25,1.88,2.2,7.881,8.3369,0.66226,0.56214,-0.6
0,0,1,3,-0.985,0.39,1.88,1.93,7.881,7.5762,0.66226,1.30447,-0.93
0,0,1,3,-0.25,0.68,1.88,1.3,7.881,6.82507,0.66226,0.178,-0.56
0,0,1,3,0.27,0.45,1.88,1.5,7.881,7.5496,0.66226,0.323,-0.24
0,0,1,3,0.52,0.33,1.88,2.36,7.881,7.864,0.66226,0.81626,0.34
0,0,1,3,0.82,0.25,1.88,1.9,7.881,7.8335,0.66226,0.060396,0.72
0,0,1,3,0.62,0.21,1.88,2.2,7.881,8.4382,0.66226,1.0778,0.56
0,0,1,3,0.37,0.22,1.88,2.2,7.881,8.967,0.66226,1.56436,-0.1
0,0,1,3,-0.08,0.28,1.88,2.28,7.881,8.9587,0.66226,2.1251,-0.38
0,0,1,3,-0.74,0.38,1.88,2.54,7.881,9.2255,0.66226,2.30861,-0.76
1,1,1,3,-0.13,0.45,1.91,1.54,7.6398,6.8281,1.15716,0.07554,-0.12
1,1,1,3,0.17,0.22,1.91,1.63,7.6398,6.7462,1.15716,0.52766,0.2
1,1,1,3,-0.19,0.08,1.91,1.66,7.6398,6.7665,1.15716,0.67584,0.25
1,1,1,3,-0.72,0.1,1.91,1.55,7.6398,7.43402,1.15716,-0.5,0
1,1,1,3,0.1,0.06,1.91,1.83,7.6398,7.9024,1.15716,0.153236,0.13
1,1,1,3,0.1,0.02,1.91,1.88,7.6398,7.881,1.15716,0.66226,0.13
1,1,1,3,-0.48,0.07,1.91,1.9,7.6398,7.72638,1.15716,1.23578,-0.25
1,1,1,3,-0.3,0.75,1.91,1.33,7.6398,6.6339,1.15716,0.43328,-1.16
1,1,1,3,0.12,0.47,1.91,1.6,7.6398,6.75885,1.15716,0.9174,-0.26
1,1,1,3,0.47,0.39,1.91,2.16,7.6398,7.09243,1.15716,0.7473,0.18
1,1,1,3,0.32,0.24,1.91,1.9,7.6398,7.28,1.15716,0.55,0.31
1,1,1,3,0.47,0.19,1.91,2.2,7.6398,7.3605,1.15716,1.04638,0.1
1,1,1,3,0.22,0.21,1.91,2.28,7.6398,7.4589,1.15716,1.14289,-0.1
1,1,1,3,-0.28,0.27,1.91,2.2,7.6398,8.3369,1.15716,0.56214,-0.4
1,1,1,3,-0.885,0.41,1.91,1.93,7.6398,7.5762,1.15716,1.30447,-0.8
1,1,1,3,-0.15,0.7,1.91,1.3,7.6398,6.82507,1.15716,0.178,-0.74
1,1,1,3,0.37,0.47,1.91,1.5,7.6398,7.5496,1.15716,0.323,-0.01
1,1,1,3,0.62,0.35,1.91,2.36,7.6398,7.864,1.15716,0.81626,0.45
1,1,1,3,0.92,0.27,1.91,1.9,7.6398,7.8335,1.15716,0.060396,0.53
1,1,1,3,0.72,0.23,1.91,2.2,7.6398,8.4382,1.15716,1.0778,0.37
1,1,1,3,0.47,0.24,1.91,2.2,7.6398,8.967,1.15716,1.56436,0.16
1,1,1,3,0.02,0.3,1.91,2.28,7.6398,8.9587,1.15716,2.1251,-0.17
1,1,1,3,-0.64,0.4,1.91,2.54,7.6398,9.2255,1.15716,2.30861,-0.69
1,1,1,3,0.35,0.38,1.9,1.54,7.72638,6.8281,1.23578,0.07554,0.01
1,1,1,3,0.65,0.15,1.9,1.63,7.72638,6.7462,1.23578,0.52766,0.25
1,1,1,3,0.29,0.01,1.9,1.66,7.72638,6.7665,1.23578,0.67584,0.1
1,1,1,3,-0.24,0.03,1.9,1.55,7.72638,7.43402,1.23578,-0.5,0.07
1,1,1,3,0.58,-0.01,1.9,1.83,7.72638,7.9024,1.23578,0.153236,0.28
1,1,1,3,0.58,-0.05,1.9,1.88,7.72638,7.881,1.23578,0.66226,0.33
1,1,1,3,0.48,-0.07,1.9,1.91,7.72638,7.6398,1.23578,1.15716,0.17
1,1,1,3,0.18,0.68,1.9,1.33,7.72638,6.6339,1.23578,0.43328,-0.64
1,1,1,3,0.6,0.4,1.9,1.6,7.72638,6.75885,1.23578,0.9174,0
1,1,1,3,0.95,0.32,1.9,2.16,7.72638,7.09243,1.23578,0.7473,0.28
1,1,1,3,0.8,0.17,1.9,1.9,7.72638,7.28,1.23578,0.55,0.3
1,1,1,3,0.95,0.12,1.9,2.2,7.72638,7.3605,1.23578,1.04638,0.2
1,1,1,3,0.7,0.14,1.9,2.28,7.72638,7.4589,1.23578,1.14289,0.05
1,1,1,3,0.2,0.2,1.9,2.2,7.72638,8.3369,1.23578,0.56214,-0.2
1,1,1,3,-0.405,0.34,1.9,1.93,7.72638,7.5762,1.23578,1.30447,-0.42
1,1,1,3,0.33,0.63,1.9,1.3,7.72638,6.82507,1.23578,0.178,-0.35
1,1,1,3,0.85,0.4,1.9,1.5,7.72638,7.5496,1.23578,0.323,0.22
1,1,1,3,1.1,0.28,1.9,2.36,7.72638,7.864,1.23578,0.81626,0.57
1,1,1,3,1.4,0.2,1.9,1.9,7.72638,7.8335,1.23578,0.060396,0.62
1,1,1,3,1.2,0.16,1.9,2.2,7.72638,8.4382,1.23578,1.0778,0.48
1,1,1,3,0.95,0.17,1.9,2.2,7.72638,8.967,1.23578,1.56436,0.23
1,1,1,3,0.5,0.23,1.9,2.28,7.72638,8.9587,1.23578,2.1251,-0.04
1,1,1,3,-0.16,0.33,1.9,2.54,7.72638,9.2255,1.23578,2.30861,-0.29
0,0,1,3,0.17,-0.3,1.33,1.54,6.6339,6.8281,0.43328,0.07554,0.06
0,0,1,3,0.47,-0.53,1.33,1.63,6.6339,6.7462,0.43328,0.52766,0.01
0,0,1,3,0.11,-0.67,1.33,1.66,6.6339,6.7665,0.43328,0.67584,-0.47
0,0,1,3,-0.42,-0.65,1.33,1.55,6.6339,7.43402,0.43328,-0.5,-0.36
0,0,1,3,0.4,-0.69,1.33,1.83,6.6339,7.9024,0.43328,0.153236,-0.4
0,0,1,3,0.4,-0.73,1.33,1.88,6.6339,7.881,0.43328,0.66226,-0.45
0,0,1,3,0.3,-0.75,1.33,1.91,6.6339,7.6398,0.43328,1.15716,-0.55
0,0,1,3,-0.18,-0.68,1.33,1.9,6.6339,7.72638,0.43328,1.23578,-0.72
0,0,1,3,0.42,-0.28,1.33,1.6,6.6339,6.75885,0.43328,0.9174,0.19
0,0,1,3,0.77,-0.36,1.33,2.16,6.6339,7.09243,0.43328,0.7473,0.13
0,0,1,3,0.62,-0.51,1.33,1.9,6.6339,7.28,0.43328,0.55,-0.01
0,0,1,3,0.77,-0.56,1.33,2.2,6.6339,7.3605,0.43328,1.04638,-0.19
0,0,1,3,0.52,-0.54,1.33,2.28,6.6339,7.4589,0.43328,1.14289,-0.41
0,0,1,3,0.02,-0.48,1.33,2.2,6.6339,8.3369,0.43328,0.56214,-0.68
0,0,1,3,-0.585,-0.34,1.33,1.93,6.6339,7.5762,0.43328,1.30447,-0.88
0,0,1,3,0.15,-0.05,1.33,1.3,6.6339,6.82507,0.43328,0.178,0.15
0,0,1,3,0.67,-0.28,1.33,1.5,6.6339,7.5496,0.43328,0.323,0.33
0,0,1,3,0.92,-0.4,1.33,2.36,6.6339,7.864,0.43328,0.81626,0.3
0,0,1,3,1.22,-0.48,1.33,1.9,6.6339,7.8335,0.43328,0.060396,0.15
0,0,1,3,1.02,-0.52,1.33,2.2,6.6339,8.4382,0.43328,1.0778,-0.02
0,0,1,3,0.77,-0.51,1.33,2.2,6.6339,8.967,0.43328,1.56436,-0.25
0,0,1,3,0.32,-0.45,1.33,2.28,6.6339,8.9587,0.43328,2.1251,-0.5
0,0,1,3,-0.34,-0.35,1.33,2.54,6.6339,9.2255,0.43328,2.30861,-0.8
1,1,0,6,-0.25,-0.02,1.6,1.54,6.75885,6.8281,0.9174,0.07554,-0.24
1,1,0,6,0.05,-0.25,1.6,1.63,6.75885,6.7462,0.9174,0.52766,0.12
1,1,0,6,-0.31,-0.39,1.6,1.66,6.75885,6.7665,0.9174,0.67584,0.32
1,1,0,6,-0.84,-0.37,1.6,1.55,6.75885,7.43402,0.9174,-0.5,0.23
1,1,0,6,-0.02,-0.41,1.6,1.83,6.75885,7.9024,0.9174,0.153236,0.29
1,1,0,6,-0.02,-0.45,1.6,1.88,6.75885,7.881,0.9174,0.66226,0.31
1,1,0,6,-0.12,-0.47,1.6,1.91,6.75885,7.6398,0.9174,1.15716,0.08
1,1,0,6,-0.6,-0.4,1.6,1.9,6.75885,7.72638,0.9174,1.23578,-0.2
1,1,0,6,-0.42,0.28,1.6,1.33,6.75885,6.6339,0.9174,0.43328,-0.65
1,1,0,6,0.35,-0.08,1.6,2.16,6.75885,7.09243,0.9174,0.7473,0.48
1,1,0,6,0.2,-0.23,1.6,1.9,6.75885,7.28,0.9174,0.55,0.7
1,1,0,6,0.35,-0.28,1.6,2.2,6.75885,7.3605,0.9174,1.04638,0.65
1,1,0,6,0.1,-0.26,1.6,2.28,6.75885,7.4589,0.9174,1.14289,0.42
1,1,0,6,-0.4,-0.2,1.6,2.2,6.75885,8.3369,0.9174,0.56214,0.05
1,1,0,6,-1.005,-0.06,1.6,1.93,6.75885,7.5762,0.9174,1.30447,-0.32
1,1,0,6,-0.27,0.23,1.6,1.3,6.75885,6.82507,0.9174,0.178,-0.47
1,1,0,6,0.25,0,1.6,1.5,6.75885,7.5496,0.9174,0.323,0.17
1,1,0,6,0.5,-0.12,1.6,2.36,6.75885,7.864,0.9174,0.81626,0.7
1,1,0,6,0.8,-0.2,1.6,1.9,6.75885,7.8335,0.9174,0.060396,0.98
1,1,0,6,0.6,-0.24,1.6,2.2,6.75885,8.4382,0.9174,1.0778,1
1,1,0,6,0.35,-0.23,1.6,2.2,6.75885,8.967,0.9174,1.56436,0.77
1,1,0,6,-0.1,-0.17,1.6,2.28,6.75885,8.9587,0.9174,2.1251,0.4
1,1,0,6,-0.76,-0.07,1.6,2.54,6.75885,9.2255,0.9174,2.30861,-0.03
1,1,0,6,-0.6,0.06,2.16,1.54,7.09243,6.8281,0.7473,0.07554,-0.14
1,1,0,6,-0.3,-0.17,2.16,1.63,7.09243,6.7462,0.7473,0.52766,0.08
1,1,0,6,-0.66,-0.31,2.16,1.66,7.09243,6.7665,0.7473,0.67584,-0.01
1,1,0,6,-1.19,-0.29,2.16,1.55,7.09243,7.43402,0.7473,-0.5,-0.5
1,1,0,6,-0.37,-0.33,2.16,1.83,7.09243,7.9024,0.7473,0.153236,-0.52
1,1,0,6,-0.37,-0.37,2.16,1.88,7.09243,7.881,0.7473,0.66226,-0.72
1,1,0,6,-0.47,-0.39,2.16,1.91,7.09243,7.6398,0.7473,1.15716,-0.82
1,1,0,6,-0.95,-0.32,2.16,1.9,7.09243,7.72638,0.7473,1.23578,-1.16
1,1,0,6,-0.77,0.36,2.16,1.33,7.09243,6.6339,0.7473,0.43328,-0.9
1,1,0,6,-0.35,0.08,2.16,1.6,7.09243,6.75885,0.7473,0.9174,-0.22
1,1,0,6,-0.15,-0.15,2.16,1.9,7.09243,7.28,0.7473,0.55,-0.21
1,1,0,6,0,-0.2,2.16,2.2,7.09243,7.3605,0.7473,1.04638,-0.81
1,1,0,6,-0.25,-0.18,2.16,2.28,7.09243,7.4589,0.7473,1.14289,-1.28
1,1,0,6,-0.75,-0.12,2.16,2.2,7.09243,8.3369,0.7473,0.56214,-1.47
1,1,0,6,-1.355,0.02,2.16,1.93,7.09243,7.5762,0.7473,1.30447,-1.75
1,1,0,6,-0.62,0.31,2.16,1.3,7.09243,6.82507,0.7473,0.178,-0.98
1,1,0,6,-0.1,0.08,2.16,1.5,7.09243,7.5496,0.7473,0.323,-0.02
1,1,0,6,0.15,-0.04,2.16,2.36,7.09243,7.864,0.7473,0.81626,0.22
1,1,0,6,0.45,-0.12,2.16,1.9,7.09243,7.8335,0.7473,0.060396,0.1
1,1,0,6,0.25,-0.16,2.16,2.2,7.09243,8.4382,0.7473,1.0778,-0.45
1,1,0,6,0,-0.15,2.16,2.2,7.09243,8.967,0.7473,1.56436,-1.15
1,1,0,6,-0.45,-0.09,2.16,2.28,7.09243,8.9587,0.7473,2.1251,-1.6
1,1,0,6,-1.11,0.01,2.16,2.54,7.09243,9.2255,0.7473,2.30861,-1.94
0,0,1,3,-0.45,0.21,1.9,1.54,7.28,6.8281,0.55,0.07554,-0.82
0,0,1,3,-0.15,-0.02,1.9,1.63,7.28,6.7462,0.55,0.52766,-0.4
0,0,1,3,-0.51,-0.16,1.9,1.66,7.28,6.7665,0.55,0.67584,-0.11
0,0,1,3,-1.04,-0.14,1.9,1.55,7.28,7.43402,0.55,-0.5,-0.2
0,0,1,3,-0.22,-0.18,1.9,1.83,7.28,7.9024,0.55,0.153236,-0.11
0,0,1,3,-0.22,-0.22,1.9,1.88,7.28,7.881,0.55,0.66226,-0.01
0,0,1,3,-0.32,-0.24,1.9,1.91,7.28,7.6398,0.55,1.15716,-0.24
0,0,1,3,-0.8,-0.17,1.9,1.9,7.28,7.72638,0.55,1.23578,-0.7
0,0,1,3,-0.62,0.51,1.9,1.33,7.28,6.6339,0.55,0.43328,-1.57
0,0,1,3,-0.2,0.23,1.9,1.6,7.28,6.75885,0.55,0.9174,-0.77
0,0,1,3,0.15,0.15,1.9,2.16,7.28,7.09243,0.55,0.7473,-0.27
0,0,1,3,0.15,-0.05,1.9,2.2,7.28,7.3605,0.55,1.04638,0.02
0,0,1,3,-0.1,-0.03,1.9,2.28,7.28,7.4589,0.55,1.14289,-0.11
0,0,1,3,-0.6,0.03,1.9,2.2,7.28,8.3369,0.55,0.56214,-0.46
0,0,1,3,-1.205,0.17,1.9,1.93,7.28,7.5762,0.55,1.30447,-0.97
0,0,1,3,-0.47,0.46,1.9,1.3,7.28,6.82507,0.55,0.178,-1.26
0,0,1,3,0.05,0.23,1.9,1.5,7.28,7.5496,0.55,0.323,-0.65
0,0,1,3,0.3,0.11,1.9,2.36,7.28,7.864,0.55,0.81626,-0.06
0,0,1,3,0.6,0.03,1.9,1.9,7.28,7.8335,0.55,0.060396,0.26
0,0,1,3,0.4,-0.01,1.9,2.2,7.28,8.4382,0.55,1.0778,0.37
0,0,1,3,0.15,0,1.9,2.2,7.28,8.967,0.55,1.56436,0.21
0,0,1,3,-0.3,0.06,1.9,2.28,7.28,8.9587,0.55,2.1251,-0.16
0,0,1,3,-0.96,0.16,1.9,2.54,7.28,9.2255,0.55,2.30861,-0.7
0,0,1,3,-0.6,0.26,2.2,1.54,7.3605,6.8281,1.04638,0.07554,-0.3
0,0,1,3,-0.3,0.03,2.2,1.63,7.3605,6.7462,1.04638,0.52766,0.15
0,0,1,3,-0.66,-0.11,2.2,1.66,7.3605,6.7665,1.04638,0.67584,0.24
0,0,1,3,-1.19,-0.09,2.2,1.55,7.3605,7.43402,1.04638,-0.5,-0.4
0,0,1,3,-0.37,-0.13,2.2,1.83,7.3605,7.9024,1.04638,0.153236,-0.39
0,0,1,3,-0.37,-0.17,2.2,1.88,7.3605,7.881,1.04638,0.66226,-0.37
0,0,1,3,-0.47,-0.19,2.2,1.91,7.3605,7.6398,1.04638,1.15716,-0.71
0,0,1,3,-0.95,-0.12,2.2,1.9,7.3605,7.72638,1.04638,1.23578,-1.21
0,0,1,3,-0.77,0.56,2.2,1.33,7.3605,6.6339,1.04638,0.43328,-1.12
0,0,1,3,-0.35,0.28,2.2,1.6,7.3605,6.75885,1.04638,0.9174,-0.31
0,0,1,3,0,0.2,2.2,2.16,7.3605,7.09243,1.04638,0.7473,0.1
0,0,1,3,-0.15,0.05,2.2,1.9,7.3605,7.28,1.04638,0.55,0.17
0,0,1,3,-0.25,0.02,2.2,2.28,7.3605,7.4589,1.04638,1.14289,-0.43
0,0,1,3,-0.75,0.08,2.2,2.2,7.3605,8.3369,1.04638,0.56214,-1.03
0,0,1,3,-1.355,0.22,2.2,1.93,7.3605,7.5762,1.04638,1.30447,-1.72
0,0,1,3,-0.62,0.51,2.2,1.3,7.3605,6.82507,1.04638,0.178,-0.83
0,0,1,3,-0.1,0.28,2.2,1.5,7.3605,7.5496,1.04638,0.323,-0.17
0,0,1,3,0.15,0.16,2.2,2.36,7.3605,7.864,1.04638,0.81626,0.24
0,0,1,3,0.45,0.08,2.2,1.9,7.3605,7.8335,1.04638,0.060396,0.37
0,0,1,3,0.25,0.04,2.2,2.2,7.3605,8.4382,1.04638,1.0778,0.23
0,0,1,3,0,0.05,2.2,2.2,7.3605,8.967,1.04638,1.56436,-0.2
0,0,1,3,-0.45,0.11,2.2,2.28,7.3605,8.9587,1.04638,2.1251,-0.82
0,0,1,3,-1.11,0.21,2.2,2.54,7.3605,9.2255,1.04638,2.30861,-1.62
1,1,1,3,-0.35,0.24,2.28,1.54,7.4589,6.8281,1.14289,0.07554,0.12
1,1,1,3,-0.05,0.01,2.28,1.63,7.4589,6.7462,1.14289,0.52766,0.35
1,1,1,3,-0.41,-0.13,2.28,1.66,7.4589,6.7665,1.14289,0.67584,0.31
1,1,1,3,-0.94,-0.11,2.28,1.55,7.4589,7.43402,1.14289,-0.5,-0.08
1,1,1,3,-0.12,-0.15,2.28,1.83,7.4589,7.9024,1.14289,0.153236,-0.01
1,1,1,3,-0.12,-0.19,2.28,1.88,7.4589,7.881,1.14289,0.66226,0.02
1,1,1,3,-0.22,-0.21,2.28,1.91,7.4589,7.6398,1.14289,1.15716,-0.08
1,1,1,3,-0.7,-0.14,2.28,1.9,7.4589,7.72638,1.14289,1.23578,-0.38
1,1,1,3,-0.52,0.54,2.28,1.33,7.4589,6.6339,1.14289,0.43328,-0.46
1,1,1,3,-0.1,0.26,2.28,1.6,7.4589,6.75885,1.14289,0.9174,0.09
1,1,1,3,0.25,0.18,2.28,2.16,7.4589,7.09243,1.14289,0.7473,0.44
1,1,1,3,0.1,0.03,2.28,1.9,7.4589,7.28,1.14289,0.55,0.46
1,1,1,3,0.25,-0.02,2.28,2.2,7.4589,7.3605,1.14289,1.04638,0.31
1,1,1,3,-0.5,0.06,2.28,2.2,7.4589,8.3369,1.14289,0.56214,-0.45
1,1,1,3,-1.105,0.2,2.28,1.93,7.4589,7.5762,1.14289,1.30447,-0.92
1,1,1,3,-0.37,0.49,2.28,1.3,7.4589,6.82507,1.14289,0.178,-0.15
1,1,1,3,0.15,0.26,2.28,1.5,7.4589,7.5496,1.14289,0.323,0.36
1,1,1,3,0.4,0.14,2.28,2.36,7.4589,7.864,1.14289,0.81626,0.66
1,1,1,3,0.7,0.06,2.28,1.9,7.4589,7.8335,1.14289,0.060396,0.71
1,1,1,3,0.5,0.02,2.28,2.2,7.4589,8.4382,1.14289,1.0778,0.56
1,1,1,3,0.25,0.03,2.28,2.2,7.4589,8.967,1.14289,1.56436,0.23
1,1,1,3,-0.2,0.09,2.28,2.28,7.4589,8.9587,1.14289,2.1251,-0.27
1,1,1,3,-0.86,0.19,2.28,2.54,7.4589,9.2255,1.14289,2.30861,-0.87
1,1,1,3,0.15,0.18,2.2,1.54,8.3369,6.8281,0.56214,0.07554,0.58
1,1,1,3,0.45,-0.05,2.2,1.63,8.3369,6.7462,0.56214,0.52766,0.78
1,1,1,3,0.09,-0.19,2.2,1.66,8.3369,6.7665,0.56214,0.67584,0.3
1,1,1,3,-0.44,-0.17,2.2,1.55,8.3369,7.43402,0.56214,-0.5,0.3
1,1,1,3,0.38,-0.21,2.2,1.83,8.3369,7.9024,0.56214,0.153236,0.35
1,1,1,3,0.38,-0.25,2.2,1.88,8.3369,7.881,0.56214,0.66226,0.29
1,1,1,3,0.28,-0.27,2.2,1.91,8.3369,7.6398,0.56214,1.15716,0.21
1,1,1,3,-0.2,-0.2,2.2,1.9,8.3369,7.72638,0.56214,1.23578,0.04
1,1,1,3,-0.02,0.48,2.2,1.33,8.3369,6.6339,0.56214,0.43328,0.32
1,1,1,3,0.4,0.2,2.2,1.6,8.3369,6.75885,0.56214,0.9174,0.87
1,1,1,3,0.75,0.12,2.2,2.16,8.3369,7.09243,0.56214,0.7473,1.08
1,1,1,3,0.6,-0.03,2.2,1.9,8.3369,7.28,0.56214,0.55,1.02
1,1,1,3,0.75,-0.08,2.2,2.2,8.3369,7.3605,0.56214,1.04638,0.74
1,1,1,3,0.5,-0.06,2.2,2.28,8.3369,7.4589,0.56214,1.14289,0.36
1,1,1,3,-0.605,0.14,2.2,1.93,8.3369,7.5762,0.56214,1.30447,-0.26
1,1,1,3,0.13,0.43,2.2,1.3,8.3369,6.82507,0.56214,0.178,0.44
1,1,1,3,0.65,0.2,2.2,1.5,8.3369,7.5496,0.56214,0.323,1.04
1,1,1,3,0.9,0.08,2.2,2.36,8.3369,7.864,0.56214,0.81626,1.37
1,1,1,3,1.2,0,2.2,1.9,8.3369,7.8335,0.56214,0.060396,1.34
1,1,1,3,1,-0.04,2.2,2.2,8.3369,8.4382,0.56214,1.0778,1.11
1,1,1,3,0.75,-0.03,2.2,2.2,8.3369,8.967,0.56214,1.56436,0.7
1,1,1,3,0.3,0.03,2.2,2.28,8.3369,8.9587,0.56214,2.1251,0.19
1,1,1,3,-0.36,0.13,2.2,2.54,8.3369,9.2255,0.56214,2.30861,-0.22
1,1,1,3,0.755,0.04,1.93,1.54,7.5762,6.8281,1.30447,0.07554,0.45
1,1,1,3,1.055,-0.19,1.93,1.63,7.5762,6.7462,1.30447,0.52766,0.63
1,1,1,3,0.695,-0.33,1.93,1.66,7.5762,6.7665,1.30447,0.67584,0.29
1,1,1,3,0.165,-0.31,1.93,1.55,7.5762,7.43402,1.30447,-0.5,0.23
1,1,1,3,0.985,-0.35,1.93,1.83,7.5762,7.9024,1.30447,0.153236,0.41
1,1,1,3,0.985,-0.39,1.93,1.88,7.5762,7.881,1.30447,0.66226,0.48
1,1,1,3,0.885,-0.41,1.93,1.91,7.5762,7.6398,1.30447,1.15716,0.49
1,1,1,3,0.405,-0.34,1.93,1.9,7.5762,7.72638,1.30447,1.23578,0.22
1,1,1,3,0.585,0.34,1.93,1.33,7.5762,6.6339,1.30447,0.43328,0.33
1,1,1,3,1.005,0.06,1.93,1.6,7.5762,6.75885,1.30447,0.9174,0.67
1,1,1,3,1.355,-0.02,1.93,2.16,7.5762,7.09243,1.30447,0.7473,0.74
1,1,1,3,1.205,-0.17,1.93,1.9,7.5762,7.28,1.30447,0.55,0.69
1,1,1,3,1.355,-0.22,1.93,2.2,7.5762,7.3605,1.30447,1.04638,0.6
1,1,1,3,1.105,-0.2,1.93,2.28,7.5762,7.4589,1.30447,1.14289,0.42
1,1,1,3,0.605,-0.14,1.93,2.2,7.5762,8.3369,1.30447,0.56214,0.28
1,1,1,3,0.735,0.29,1.93,1.3,7.5762,6.82507,1.30447,0.178,0.4
1,1,1,3,1.255,0.06,1.93,1.5,7.5762,7.5496,1.30447,0.323,0.83
1,1,1,3,1.505,-0.06,1.93,2.36,7.5762,7.864,1.30447,0.81626,0.93
1,1,1,3,1.805,-0.14,1.93,1.9,7.5762,7.8335,1.30447,0.060396,0.88
1,1,1,3,1.605,-0.18,1.93,2.2,7.5762,8.4382,1.30447,1.0778,0.72
1,1,1,3,1.355,-0.17,1.93,2.2,7.5762,8.967,1.30447,1.56436,0.55
1,1,1,3,0.905,-0.11,1.93,2.28,7.5762,8.9587,1.30447,2.1251,0.34
1,1,1,3,0.245,-0.01,1.93,2.54,7.5762,9.2255,1.30447,2.30861,0.03
0,0,1,3,0.02,-0.25,1.3,1.54,6.82507,6.8281,0.178,0.07554,-0.03
0,0,1,3,0.32,-0.48,1.3,1.63,6.82507,6.7462,0.178,0.52766,-0.04
0,0,1,3,-0.04,-0.62,1.3,1.66,6.82507,6.7665,0.178,0.67584,-0.52
0,0,1,3,-0.57,-0.6,1.3,1.55,6.82507,7.43402,0.178,-0.5,-0.49
0,0,1,3,0.25,-0.64,1.3,1.83,6.82507,7.9024,0.178,0.153236,-0.51
0,0,1,3,0.25,-0.68,1.3,1.88,6.82507,7.881,0.178,0.66226,-0.62
0,0,1,3,0.15,-0.7,1.3,1.91,6.82507,7.6398,0.178,1.15716,-0.75
0,0,1,3,-0.33,-0.63,1.3,1.9,6.82507,7.72638,0.178,1.23578,-0.93
0,0,1,3,-0.15,0.05,1.3,1.33,6.82507,6.6339,0.178,0.43328,-0.14
0,0,1,3,0.27,-0.23,1.3,1.6,6.82507,6.75885,0.178,0.9174,0.08
0,0,1,3,0.62,-0.31,1.3,2.16,6.82507,7.09243,0.178,0.7473,-0.12
0,0,1,3,0.47,-0.46,1.3,1.9,6.82507,7.28,0.178,0.55,-0.25
0,0,1,3,0.62,-0.51,1.3,2.2,6.82507,7.3605,0.178,1.04638,-0.44
0,0,1,3,0.37,-0.49,1.3,2.28,6.82507,7.4589,0.178,1.14289,-0.68
0,0,1,3,-0.13,-0.43,1.3,2.2,6.82507,8.3369,0.178,0.56214,-0.92
0,0,1,3,-0.735,-0.29,1.3,1.93,6.82507,7.5762,0.178,1.30447,-1.16
0,0,1,3,0.52,-0.23,1.3,1.5,6.82507,7.5496,0.178,0.323,0.25
0,0,1,3,0.77,-0.35,1.3,2.36,6.82507,7.864,0.178,0.81626,0.17
0,0,1,3,1.07,-0.43,1.3,1.9,6.82507,7.8335,0.178,0.060396,-0.01
0,0,1,3,0.87,-0.47,1.3,2.2,6.82507,8.4382,0.178,1.0778,-0.26
0,0,1,3,0.62,-0.46,1.3,2.2,6.82507,8.967,0.178,1.56436,-0.53
0,0,1,3,0.17,-0.4,1.3,2.28,6.82507,8.9587,0.178,2.1251,-0.8
0,0,1,3,-0.49,-0.3,1.3,2.54,6.82507,9.2255,0.178,2.30861,-1.11
1,1,0,6,-0.5,-0.02,1.5,1.54,7.5496,6.8281,0.323,0.07554,-0.45
1,1,0,6,-0.2,-0.25,1.5,1.63,7.5496,6.7462,0.323,0.52766,-0.03
1,1,0,6,-0.56,-0.39,1.5,1.66,7.5496,6.7665,0.323,0.67584,0.16
1,1,0,6,-1.09,-0.37,1.5,1.55,7.5496,7.43402,0.323,-0.5,0.1
1,1,0,6,-0.27,-0.41,1.5,1.83,7.5496,7.9024,0.323,0.153236,0.13
1,1,0,6,-0.27,-0.45,1.5,1.88,7.5496,7.881,0.323,0.66226,0.06
1,1,0,6,-0.37,-0.47,1.5,1.91,7.5496,7.6398,0.323,1.15716,-0.18
1,1,0,6,-0.85,-0.4,1.5,1.9,7.5496,7.72638,0.323,1.23578,-0.52
1,1,0,6,-0.67,0.28,1.5,1.33,7.5496,6.6339,0.323,0.43328,-0.85
1,1,0,6,-0.25,0,1.5,1.6,7.5496,6.75885,0.323,0.9174,-0.21
1,1,0,6,0.1,-0.08,1.5,2.16,7.5496,7.09243,0.323,0.7473,0.25
1,1,0,6,-0.05,-0.23,1.5,1.9,7.5496,7.28,0.323,0.55,0.44
1,1,0,6,0.1,-0.28,1.5,2.2,7.5496,7.3605,0.323,1.04638,0.4
1,1,0,6,-0.15,-0.26,1.5,2.28,7.5496,7.4589,0.323,1.14289,0.11
1,1,0,6,-0.65,-0.2,1.5,2.2,7.5496,8.3369,0.323,0.56214,-0.26
1,1,0,6,-1.255,-0.06,1.5,1.93,7.5496,7.5762,0.323,1.30447,-0.67
1,1,0,6,-0.52,0.23,1.5,1.3,7.5496,6.82507,0.323,0.178,-0.6
1,1,0,6,0.25,-0.12,1.5,2.36,7.5496,7.864,0.323,0.81626,0.47
1,1,0,6,0.55,-0.2,1.5,1.9,7.5496,7.8335,0.323,0.060396,0.75
1,1,0,6,0.35,-0.24,1.5,2.2,7.5496,8.4382,0.323,1.0778,0.73
1,1,0,6,0.1,-0.23,1.5,2.2,7.5496,8.967,0.323,1.56436,0.49
1,1,0,6,-0.35,-0.17,1.5,2.28,7.5496,8.9587,0.323,2.1251,0.11
1,1,0,6,-1.01,-0.07,1.5,2.54,7.5496,9.2255,0.323,2.30861,-0.37
1,1,0,6,-0.75,0.1,2.36,1.54,7.864,6.8281,0.81626,0.07554,0.02
1,1,0,6,-0.45,-0.13,2.36,1.63,7.864,6.7462,0.81626,0.52766,0.04
1,1,0,6,-0.81,-0.27,2.36,1.66,7.864,6.7665,0.81626,0.67584,-0.14
1,1,0,6,-1.34,-0.25,2.36,1.55,7.864,7.43402,0.81626,-0.5,-0.25
1,1,0,6,-0.52,-0.29,2.36,1.83,7.864,7.9024,0.81626,0.153236,-0.35
1,1,0,6,-0.52,-0.33,2.36,1.88,7.864,7.881,0.81626,0.66226,-0.45
1,1,0,6,-0.62,-0.35,2.36,1.91,7.864,7.6398,0.81626,1.15716,-0.42
1,1,0,6,-1.1,-0.28,2.36,1.9,7.864,7.72638,0.81626,1.23578,-0.75
1,1,0,6,-0.92,0.4,2.36,1.33,7.864,6.6339,0.81626,0.43328,-0.81
1,1,0,6,-0.5,0.12,2.36,1.6,7.864,6.75885,0.81626,0.9174,-0.31
1,1,0,6,-0.15,0.04,2.36,2.16,7.864,7.09243,0.81626,0.7473,-0.24
1,1,0,6,-0.3,-0.11,2.36,1.9,7.864,7.28,0.81626,0.55,-0.55
1,1,0,6,-0.15,-0.16,2.36,2.2,7.864,7.3605,0.81626,1.04638,-1.07
1,1,0,6,-0.4,-0.14,2.36,2.28,7.864,7.4589,0.81626,1.14289,-1.22
1,1,0,6,-0.9,-0.08,2.36,2.2,7.864,8.3369,0.81626,0.56214,-1.27
1,1,0,6,-1.505,0.06,2.36,1.93,7.864,7.5762,0.81626,1.30447,-1.56
1,1,0,6,-0.77,0.35,2.36,1.3,7.864,6.82507,0.81626,0.178,-0.78
1,1,0,6,-0.25,0.12,2.36,1.5,7.864,7.5496,0.81626,0.323,-0.13
1,1,0,6,0.3,-0.08,2.36,1.9,7.864,7.8335,0.81626,0.060396,-0.27
1,1,0,6,0.1,-0.12,2.36,2.2,7.864,8.4382,0.81626,1.0778,-0.85
1,1,0,6,-0.15,-0.11,2.36,2.2,7.864,8.967,0.81626,1.56436,-1.34
1,1,0,6,-0.6,-0.05,2.36,2.28,7.864,8.9587,0.81626,2.1251,-1.66
1,1,0,6,-1.26,0.05,2.36,2.54,7.864,9.2255,0.81626,2.30861,-1.85
0,0,1,3,-1.05,0.18,1.9,1.54,7.8335,6.8281,0.060396,0.07554,-0.89
0,0,1,3,-0.75,-0.05,1.9,1.63,7.8335,6.7462,0.060396,0.52766,-0.42
0,0,1,3,-1.11,-0.19,1.9,1.66,7.8335,6.7665,0.060396,0.67584,-0.13
0,0,1,3,-1.64,-0.17,1.9,1.55,7.8335,7.43402,0.060396,-0.5,-0.28
0,0,1,3,-0.82,-0.21,1.9,1.83,7.8335,7.9024,0.060396,0.153236,-0.18
0,0,1,3,-0.82,-0.25,1.9,1.88,7.8335,7.881,0.060396,0.66226,-0.14
0,0,1,3,-0.92,-0.27,1.9,1.91,7.8335,7.6398,0.060396,1.15716,-0.36
0,0,1,3,-1.4,-0.2,1.9,1.9,7.8335,7.72638,0.060396,1.23578,-0.83
0,0,1,3,-1.22,0.48,1.9,1.33,7.8335,6.6339,0.060396,0.43328,-1.75
0,0,1,3,-0.8,0.2,1.9,1.6,7.8335,6.75885,0.060396,0.9174,-0.94
0,0,1,3,-0.45,0.12,1.9,2.16,7.8335,7.09243,0.060396,0.7473,-0.43
0,0,1,3,-0.6,-0.03,1.9,1.9,7.8335,7.28,0.060396,0.55,-0.19
0,0,1,3,-0.45,-0.08,1.9,2.2,7.8335,7.3605,0.060396,1.04638,-0.17
0,0,1,3,-0.7,-0.06,1.9,2.28,7.8335,7.4589,0.060396,1.14289,-0.32
0,0,1,3,-1.2,0,1.9,2.2,7.8335,8.3369,0.060396,0.56214,-0.68
0,0,1,3,-1.805,0.14,1.9,1.93,7.8335,7.5762,0.060396,1.30447,-1.24
0,0,1,3,-1.07,0.43,1.9,1.3,7.8335,6.82507,0.060396,0.178,-1.51
0,0,1,3,-0.55,0.2,1.9,1.5,7.8335,7.5496,0.060396,0.323,-0.77
0,0,1,3,-0.3,0.08,1.9,2.36,7.8335,7.864,0.060396,0.81626,-0.27
0,0,1,3,-0.2,-0.04,1.9,2.2,7.8335,8.4382,0.060396,1.0778,0.04
0,0,1,3,-0.45,-0.03,1.9,2.2,7.8335,8.967,0.060396,1.56436,-0.11
0,0,1,3,-0.9,0.03,1.9,2.28,7.8335,8.9587,0.060396,2.1251,-0.46
0,0,1,3,-1.56,0.13,1.9,2.54,7.8335,9.2255,0.060396,2.30861,-1.05
0,0,1,3,-0.85,0.22,2.2,1.54,8.4382,6.8281,1.0778,0.07554,-0.22
0,0,1,3,-0.55,-0.01,2.2,1.63,8.4382,6.7462,1.0778,0.52766,0.18
0,0,1,3,-0.91,-0.15,2.2,1.66,8.4382,6.7665,1.0778,0.67584,0.36
0,0,1,3,-1.44,-0.13,2.2,1.55,8.4382,7.43402,1.0778,-0.5,-0.21
0,0,1,3,-0.62,-0.17,2.2,1.83,8.4382,7.9024,1.0778,0.153236,-0.31
0,0,1,3,-0.62,-0.21,2.2,1.88,8.4382,7.881,1.0778,0.66226,-0.3
0,0,1,3,-0.72,-0.23,2.2,1.91,8.4382,7.6398,1.0778,1.15716,-0.62
0,0,1,3,-1.2,-0.16,2.2,1.9,8.4382,7.72638,1.0778,1.23578,-1.21
0,0,1,3,-1.02,0.52,2.2,1.33,8.4382,6.6339,1.0778,0.43328,-1.07
0,0,1,3,-0.6,0.24,2.2,1.6,8.4382,6.75885,1.0778,0.9174,-0.27
0,0,1,3,-0.25,0.16,2.2,2.16,8.4382,7.09243,1.0778,0.7473,0.07
0,0,1,3,-0.4,0.01,2.2,1.9,8.4382,7.28,1.0778,0.55,0.09
0,0,1,3,-0.25,-0.04,2.2,2.2,8.4382,7.3605,1.0778,1.04638,-0.2
0,0,1,3,-0.5,-0.02,2.2,2.28,8.4382,7.4589,1.0778,1.14289,-0.7
0,0,1,3,-1,0.04,2.2,2.2,8.4382,8.3369,1.0778,0.56214,-1.31
0,0,1,3,-1.605,0.18,2.2,1.93,8.4382,7.5762,1.0778,1.30447,-2
0,0,1,3,-0.87,0.47,2.2,1.3,8.4382,6.82507,1.0778,0.178,-1.04
0,0,1,3,-0.35,0.24,2.2,1.5,8.4382,7.5496,1.0778,0.323,-0.17
0,0,1,3,-0.1,0.12,2.2,2.36,8.4382,7.864,1.0778,0.81626,0.13
0,0,1,3,0.2,0.04,2.2,1.9,8.4382,7.8335,1.0778,0.060396,0.23
0,0,1,3,-0.25,0.01,2.2,2.2,8.4382,8.967,1.0778,1.56436,-0.48
0,0,1,3,-0.7,0.07,2.2,2.28,8.4382,8.9587,1.0778,2.1251,-1.25
0,0,1,3,-1.36,0.17,2.2,2.54,8.4382,9.2255,1.0778,2.30861,-2.14
1,1,1,3,-0.6,0.21,2.2,1.54,8.967,6.8281,1.56436,0.07554,0.29
1,1,1,3,-0.3,-0.02,2.2,1.63,8.967,6.7462,1.56436,0.52766,0.51
1,1,1,3,-0.66,-0.16,2.2,1.66,8.967,6.7665,1.56436,0.67584,0.35
1,1,1,3,-1.19,-0.14,2.2,1.55,8.967,7.43402,1.56436,-0.5,0.09
1,1,1,3,-0.37,-0.18,2.2,1.83,8.967,7.9024,1.56436,0.153236,0.11
1,1,1,3,-0.37,-0.22,2.2,1.88,8.967,7.881,1.56436,0.66226,0.16
1,1,1,3,-0.47,-0.24,2.2,1.91,8.967,7.6398,1.56436,1.15716,0.12
1,1,1,3,-0.95,-0.17,2.2,1.9,8.967,7.72638,1.56436,1.23578,-0.12
1,1,1,3,-0.77,0.51,2.2,1.33,8.967,6.6339,1.56436,0.43328,-0.43
1,1,1,3,-0.35,0.23,2.2,1.6,8.967,6.75885,1.56436,0.9174,0.1
1,1,1,3,0,0.15,2.2,2.16,8.967,7.09243,1.56436,0.7473,0.35
1,1,1,3,-0.15,0,2.2,1.9,8.967,7.28,1.56436,0.55,0.35
1,1,1,3,0,-0.05,2.2,2.2,8.967,7.3605,1.56436,1.04638,0.23
1,1,1,3,-0.25,-0.03,2.2,2.28,8.967,7.4589,1.56436,1.14289,-0.08
1,1,1,3,-0.75,0.03,2.2,2.2,8.967,8.3369,1.56436,0.56214,-0.55
1,1,1,3,-1.355,0.17,2.2,1.93,8.967,7.5762,1.56436,1.30447,-1
1,1,1,3,-0.62,0.46,2.2,1.3,8.967,6.82507,1.56436,0.178,-0.17
1,1,1,3,-0.1,0.23,2.2,1.5,8.967,7.5496,1.56436,0.323,0.26
1,1,1,3,0.15,0.11,2.2,2.36,8.967,7.864,1.56436,0.81626,0.47
1,1,1,3,0.45,0.03,2.2,1.9,8.967,7.8335,1.56436,0.060396,0.48
1,1,1,3,0.25,-0.01,2.2,2.2,8.967,8.4382,1.56436,1.0778,0.32
1,1,1,3,-0.45,0.06,2.2,2.28,8.967,8.9587,1.56436,2.1251,-0.58
1,1,1,3,-1.11,0.16,2.2,2.54,8.967,9.2255,1.56436,2.30861,-1.2
1,1,1,3,-0.15,0.15,2.28,1.54,8.9587,6.8281,2.1251,0.07554,0.66
1,1,1,3,0.15,-0.08,2.28,1.63,8.9587,6.7462,2.1251,0.52766,0.98
1,1,1,3,-0.21,-0.22,2.28,1.66,8.9587,6.7665,2.1251,0.67584,0.6
1,1,1,3,-0.74,-0.2,2.28,1.55,8.9587,7.43402,2.1251,-0.5,0.38
1,1,1,3,0.08,-0.24,2.28,1.83,8.9587,7.9024,2.1251,0.153236,0.37
1,1,1,3,0.08,-0.28,2.28,1.88,8.9587,7.881,2.1251,0.66226,0.46
1,1,1,3,-0.02,-0.3,2.28,1.91,8.9587,7.6398,2.1251,1.15716,0.43
1,1,1,3,-0.5,-0.23,2.28,1.9,8.9587,7.72638,2.1251,1.23578,0.32
1,1,1,3,-0.32,0.45,2.28,1.33,8.9587,6.6339,2.1251,0.43328,0.3
1,1,1,3,0.1,0.17,2.28,1.6,8.9587,6.75885,2.1251,0.9174,0.76
1,1,1,3,0.45,0.09,2.28,2.16,8.9587,7.09243,2.1251,0.7473,0.93
1,1,1,3,0.3,-0.06,2.28,1.9,8.9587,7.28,2.1251,0.55,0.85
1,1,1,3,0.45,-0.11,2.28,2.2,8.9587,7.3605,2.1251,1.04638,0.6
1,1,1,3,0.2,-0.09,2.28,2.28,8.9587,7.4589,2.1251,1.14289,0.26
1,1,1,3,-0.3,-0.03,2.28,2.2,8.9587,8.3369,2.1251,0.56214,0
1,1,1,3,-0.905,0.11,2.28,1.93,8.9587,7.5762,2.1251,1.30447,-0.27
1,1,1,3,-0.17,0.4,2.28,1.3,8.9587,6.82507,2.1251,0.178,0.47
1,1,1,3,0.35,0.17,2.28,1.5,8.9587,7.5496,2.1251,0.323,0.95
1,1,1,3,0.6,0.05,2.28,2.36,8.9587,7.864,2.1251,0.81626,1.16
1,1,1,3,0.9,-0.03,2.28,1.9,8.9587,7.8335,2.1251,0.060396,1.11
1,1,1,3,0.7,-0.07,2.28,2.2,8.9587,8.4382,2.1251,1.0778,0.86
1,1,1,3,0.45,-0.06,2.28,2.2,8.9587,8.967,2.1251,1.56436,0.44
1,1,1,3,-0.66,0.1,2.28,2.54,8.9587,9.2255,2.1251,2.30861,-0.36
1,1,1,3,0.51,0.05,2.54,1.54,9.2255,6.8281,2.30861,0.07554,0.46
1,1,1,3,0.81,-0.18,2.54,1.63,9.2255,6.7462,2.30861,0.52766,0.59
1,1,1,3,0.45,-0.32,2.54,1.66,9.2255,6.7665,2.30861,0.67584,0.33
1,1,1,3,-0.08,-0.3,2.54,1.55,9.2255,7.43402,2.30861,-0.5,0.3
1,1,1,3,0.74,-0.34,2.54,1.83,9.2255,7.9024,2.30861,0.153236,0.45
1,1,1,3,0.74,-0.38,2.54,1.88,9.2255,7.881,2.30861,0.66226,0.54
1,1,1,3,0.64,-0.4,2.54,1.91,9.2255,7.6398,2.30861,1.15716,0.56
1,1,1,3,0.16,-0.33,2.54,1.9,9.2255,7.72638,2.30861,1.23578,0.34
1,1,1,3,0.34,0.35,2.54,1.33,9.2255,6.6339,2.30861,0.43328,0.3
1,1,1,3,0.76,0.07,2.54,1.6,9.2255,6.75885,2.30861,0.9174,0.61
1,1,1,3,1.11,-0.01,2.54,2.16,9.2255,7.09243,2.30861,0.7473,0.67
1,1,1,3,0.96,-0.16,2.54,1.9,9.2255,7.28,2.30861,0.55,0.59
1,1,1,3,1.11,-0.21,2.54,2.2,9.2255,7.3605,2.30861,1.04638,0.52
1,1,1,3,0.86,-0.19,2.54,2.28,9.2255,7.4589,2.30861,1.14289,0.44
1,1,1,3,0.36,-0.13,2.54,2.2,9.2255,8.3369,2.30861,0.56214,0.28
1,1,1,3,-0.245,0.01,2.54,1.93,9.2255,7.5762,2.30861,1.30447,0
1,1,1,3,0.49,0.3,2.54,1.3,9.2255,6.82507,2.30861,0.178,0.47
1,1,1,3,1.01,0.07,2.54,1.5,9.2255,7.5496,2.30861,0.323,0.79
1,1,1,3,1.26,-0.05,2.54,2.36,9.2255,7.864,2.30861,0.81626,0.92
1,1,1,3,1.56,-0.13,2.54,1.9,9.2255,7.8335,2.30861,0.060396,0.81
1,1,1,3,1.36,-0.17,2.54,2.2,9.2255,8.4382,2.30861,1.0778,0.65
1,1,1,3,1.11,-0.16,2.54,2.2,9.2255,8.967,2.30861,1.56436,0.5
1,1,1,3,0.66,-0.1,2.54,2.28,9.2255,8.9587,2.30861,2.1251,0.34
1,0,0,8,-0.23,0.39,1.83,1.54,7.9024,6.8281,0.153236,0.07554,-0.69
1,0,0,8,0.07,0.16,1.83,1.63,7.9024,6.7462,0.153236,0.52766,0.19
1,0,0,8,-0.29,0.02,1.83,1.66,7.9024,6.7665,0.153236,0.67584,0.16
1,0,0,8,-0.82,0.04,1.83,1.55,7.9024,7.43402,0.153236,-0.5,-0.38
1,0,0,8,0,-0.04,1.83,1.88,7.9024,7.881,0.153236,0.66226,-0.03
1,0,0,8,-0.1,-0.06,1.83,1.91,7.9024,7.6398,0.153236,1.15716,-0.77
1,0,0,8,-0.58,0.01,1.83,1.9,7.9024,7.72638,0.153236,1.23578,-1.37
1,0,0,8,-0.4,0.69,1.83,1.33,7.9024,6.6339,0.153236,0.43328,-2.22
1,0,0,8,0.02,0.41,1.83,1.6,7.9024,6.75885,0.153236,0.9174,-0.83
1,0,0,8,0.37,0.33,1.83,2.16,7.9024,7.09243,0.153236,0.7473,0.03
1,0,0,8,0.22,0.18,1.83,1.9,7.9024,7.28,0.153236,0.55,0.24
1,0,0,8,0.37,0.13,1.83,2.2,7.9024,7.3605,0.153236,1.04638,0
1,0,0,8,0.12,0.15,1.83,2.28,7.9024,7.4589,0.153236,1.14289,-0.53
1,0,0,8,-0.38,0.21,1.83,2.2,7.9024,8.3369,0.153236,0.56214,-1.43
1,0,0,8,-0.985,0.35,1.83,1.93,7.9024,7.5762,0.153236,1.30447,-2.37
1,0,0,8,-0.25,0.64,1.83,1.3,7.9024,6.82507,0.153236,0.178,-2.15
1,0,0,8,0.27,0.41,1.83,1.5,7.9024,7.5496,0.153236,0.323,-0.5
1,0,0,8,0.52,0.29,1.83,2.36,7.9024,7.864,0.153236,0.81626,0.42
1,0,0,8,0.82,0.21,1.83,1.9,7.9024,7.8335,0.153236,0.060396,0.78
1,0,0,8,0.62,0.17,1.83,2.2,7.9024,8.4382,0.153236,1.0778,0.6
1,0,0,8,0.37,0.18,1.83,2.2,7.9024,8.967,0.153236,1.56436,0.08
1,0,0,8,-0.08,0.24,1.83,2.28,7.9024,8.9587,0.153236,2.1251,-0.78
1,0,0,8,-0.74,0.34,1.83,2.54,7.9024,9.2255,0.153236,2.30861,-1.93
1,0,0,6,0.3,-0.23,1.54,1.63,6.8281,6.7462,0.07554,0.52766,0.27
1,0,0,6,-0.06,-0.37,1.54,1.66,6.8281,6.7665,0.07554,0.67584,-0.26
1,0,0,6,-0.59,-0.35,1.54,1.55,6.8281,7.43402,0.07554,-0.5,-0.36
1,0,0,6,0.23,-0.39,1.54,1.83,6.8281,7.9024,0.07554,0.153236,-0.25
1,0,0,6,0.23,-0.43,1.54,1.88,6.8281,7.881,0.07554,0.66226,-0.32
1,0,0,6,0.13,-0.45,1.54,1.91,6.8281,7.6398,0.07554,1.15716,-0.56
1,0,0,6,-0.35,-0.38,1.54,1.9,6.8281,7.72638,0.07554,1.23578,-0.85
1,0,0,6,-0.17,0.3,1.54,1.33,6.8281,6.6339,0.07554,0.43328,-0.73
1,0,0,6,0.25,0.02,1.54,1.6,6.8281,6.75885,0.07554,0.9174,0.3
1,0,0,6,0.6,-0.06,1.54,2.16,6.8281,7.09243,0.07554,0.7473,0.49
1,0,0,6,0.45,-0.21,1.54,1.9,6.8281,7.28,0.07554,0.55,0.39
1,0,0,6,0.6,-0.26,1.54,2.2,6.8281,7.3605,0.07554,1.04638,0.17
1,0,0,6,0.35,-0.24,1.54,2.28,6.8281,7.4589,0.07554,1.14289,-0.16
1,0,0,6,-0.15,-0.18,1.54,2.2,6.8281,8.3369,0.07554,0.56214,-0.59
1,0,0,6,-0.755,-0.04,1.54,1.93,6.8281,7.5762,0.07554,1.30447,-0.95
1,0,0,6,-0.02,0.25,1.54,1.3,6.8281,6.82507,0.07554,0.178,-0.05
1,0,0,6,0.5,0.02,1.54,1.5,6.8281,7.5496,0.07554,0.323,0.62
1,0,0,6,0.75,-0.1,1.54,2.36,6.8281,7.864,0.07554,0.81626,0.83
1,0,0,6,1.05,-0.18,1.54,1.9,6.8281,7.8335,0.07554,0.060396,0.77
1,0,0,6,0.85,-0.22,1.54,2.2,6.8281,8.4382,0.07554,1.0778,0.56
1,0,0,6,0.6,-0.21,1.54,2.2,6.8281,8.967,0.07554,1.56436,0.23
1,0,0,6,0.15,-0.15,1.54,2.28,6.8281,8.9587,0.07554,2.1251,-0.22
1,0,0,6,-0.51,-0.05,1.54,2.54,6.8281,9.2255,0.07554,2.30861,-0.68
1,0,0,8,-0.3,0.23,1.63,1.54,6.7462,6.8281,0.52766,0.07554,-1.02
1,0,0,8,-0.36,-0.14,1.63,1.66,6.7462,6.7665,0.52766,0.67584,0.66
1,0,0,8,-0.89,-0.12,1.63,1.55,6.7462,7.43402,0.52766,-0.5,0.94
1,0,0,8,-0.07,-0.16,1.63,1.83,6.7462,7.9024,0.52766,0.153236,1.01
1,0,0,8,-0.07,-0.2,1.63,1.88,6.7462,7.881,0.52766,0.66226,0.79
1,0,0,8,-0.17,-0.22,1.63,1.91,6.7462,7.6398,0.52766,1.15716,0.33
1,0,0,8,-0.65,-0.15,1.63,1.9,6.7462,7.72638,0.52766,1.23578,-0.33
1,0,0,8,-0.47,0.53,1.63,1.33,6.7462,6.6339,0.52766,0.43328,-1.02
1,0,0,8,-0.05,0.25,1.63,1.6,6.7462,6.75885,0.52766,0.9174,-0.36
1,0,0,8,0.3,0.17,1.63,2.16,6.7462,7.09243,0.52766,0.7473,0.68
1,0,0,8,0.15,0.02,1.63,1.9,6.7462,7.28,0.52766,0.55,1.17
1,0,0,8,0.3,-0.03,1.63,2.2,6.7462,7.3605,0.52766,1.04638,1.2
1,0,0,8,0.05,-0.01,1.63,2.28,6.7462,7.4589,0.52766,1.14289,0.85
1,0,0,8,-0.45,0.05,1.63,2.2,6.7462,8.3369,0.52766,0.56214,0.14
1,0,0,8,-1.055,0.19,1.63,1.93,6.7462,7.5762,0.52766,1.30447,-0.71
1,0,0,8,-0.32,0.48,1.63,1.3,6.7462,6.82507,0.52766,0.178,-1.46
1,0,0,8,0.2,0.25,1.63,1.5,6.7462,7.5496,0.52766,0.323,-0.12
1,0,0,8,0.45,0.13,1.63,2.36,6.7462,7.864,0.52766,0.81626,0.98
1,0,0,8,0.75,0.05,1.63,1.9,6.7462,7.8335,0.52766,0.060396,1.6
1,0,0,8,0.55,0.01,1.63,2.2,6.7462,8.4382,0.52766,1.0778,1.78
1,0,0,8,0.3,0.02,1.63,2.2,6.7462,8.967,0.52766,1.56436,1.52
1,0,0,8,-0.15,0.08,1.63,2.28,6.7462,8.9587,0.52766,2.1251,0.92
1,0,0,8,-0.81,0.18,1.63,2.54,6.7462,9.2255,0.52766,2.30861,0.05
1,0,0,8,0.06,0.37,1.66,1.54,6.7665,6.8281,0.67584,0.07554,-0.95
1,0,0,8,0.36,0.14,1.66,1.63,6.7665,6.7462,0.67584,0.52766,-1.03
1,0,0,8,-0.53,0.02,1.66,1.55,6.7665,7.43402,0.67584,-0.5,-1.04
1,0,0,8,0.29,-0.02,1.66,1.83,6.7665,7.9024,0.67584,0.153236,-1.42
1,0,0,8,0.29,-0.06,1.66,1.88,6.7665,7.881,0.67584,0.66226,-2.01
1,0,0,8,0.19,-0.08,1.66,1.91,6.7665,7.6398,0.67584,1.15716,-1.09
1,0,0,8,-0.29,-0.01,1.66,1.9,6.7665,7.72638,0.67584,1.23578,-2.51
1,0,0,8,-0.11,0.67,1.66,1.33,6.7665,6.6339,0.67584,0.43328,-4.37
1,0,0,8,0.31,0.39,1.66,1.6,6.7665,6.75885,0.67584,0.9174,-1.02
1,0,0,8,0.66,0.31,1.66,2.16,6.7665,7.09243,0.67584,0.7473,0.01
1,0,0,8,0.51,0.16,1.66,1.9,6.7665,7.28,0.67584,0.55,-0.54
1,0,0,8,0.66,0.11,1.66,2.2,6.7665,7.3605,0.67584,1.04638,-0.97
1,0,0,8,0.41,0.13,1.66,2.28,6.7665,7.4589,0.67584,1.14289,-1
1,0,0,8,-0.09,0.19,1.66,2.2,6.7665,8.3369,0.67584,0.56214,-2.14
1,0,0,8,-0.695,0.33,1.66,1.93,6.7665,7.5762,0.67584,1.30447,-2.83
1,0,0,8,0.04,0.62,1.66,1.3,6.7665,6.82507,0.67584,0.178,-3.32
1,0,0,8,0.56,0.39,1.66,1.5,6.7665,7.5496,0.67584,0.323,-1.42
1,0,0,8,0.81,0.27,1.66,2.36,6.7665,7.864,0.67584,0.81626,-0.81
1,0,0,8,1.11,0.19,1.66,1.9,6.7665,7.8335,0.67584,0.060396,-1.13
1,0,0,8,0.91,0.15,1.66,2.2,6.7665,8.4382,0.67584,1.0778,0.59
1,0,0,8,0.66,0.16,1.66,2.2,6.7665,8.967,0.67584,1.56436,-2.43
1,0,0,8,0.21,0.22,1.66,2.28,6.7665,8.9587,0.67584,2.1251,-2.01
1,0,0,8,-0.45,0.32,1.66,2.54,6.7665,9.2255,0.67584,2.30861,-2.36
1,0,0,8,0.59,0.35,1.55,1.54,7.43402,6.8281,-0.5,0.07554,0.04
1,0,0,8,0.89,0.12,1.55,1.63,7.43402,6.7462,-0.5,0.52766,1.49
1,0,0,8,0.53,-0.02,1.55,1.66,7.43402,6.7665,-0.5,0.67584,0.8
1,0,0,8,0.82,-0.04,1.55,1.83,7.43402,7.9024,-0.5,0.153236,-0.04
1,0,0,8,0.82,-0.08,1.55,1.88,7.43402,7.881,-0.5,0.66226,0.54
1,0,0,8,0.72,-0.1,1.55,1.91,7.43402,7.6398,-0.5,1.15716,-0.89
1,0,0,8,0.24,-0.03,1.55,1.9,7.43402,7.72638,-0.5,1.23578,-1.44
1,0,0,8,0.42,0.65,1.55,1.33,7.43402,6.6339,-0.5,0.43328,-0.12
1,0,0,8,0.84,0.37,1.55,1.6,7.43402,6.75885,-0.5,0.9174,0.8
1,0,0,8,1.19,0.29,1.55,2.16,7.43402,7.09243,-0.5,0.7473,1.37
1,0,0,8,1.04,0.14,1.55,1.9,7.43402,7.28,-0.5,0.55,0.52
1,0,0,8,1.19,0.09,1.55,2.2,7.43402,7.3605,-0.5,1.04638,2.8
1,0,0,8,0.94,0.11,1.55,2.28,7.43402,7.4589,-0.5,1.14289,-0.01
1,0,0,8,0.44,0.17,1.55,2.2,7.43402,8.3369,-0.5,0.56214,1.29
1,0,0,8,-0.165,0.31,1.55,1.93,7.43402,7.5762,-0.5,1.30447,-0.94
1,0,0,8,0.57,0.6,1.55,1.3,7.43402,6.82507,-0.5,0.178,-2.28
1,0,0,8,1.09,0.37,1.55,1.5,7.43402,7.5496,-0.5,0.323,-0.13
1,0,0,8,1.34,0.25,1.55,2.36,7.43402,7.864,-0.5,0.81626,0.95
1,0,0,8,1.64,0.17,1.55,1.9,7.43402,7.8335,-0.5,0.060396,0.33
1,0,0,8,1.44,0.13,1.55,2.2,7.43402,8.4382,-0.5,1.0778,1.05
1,0,0,8,1.19,0.14,1.55,2.2,7.43402,8.967,-0.5,1.56436,0.22
1,0,0,8,0.74,0.2,1.55,2.28,7.43402,8.9587,-0.5,2.1251,0
1,0,0,8,0.08,0.3,1.55,2.54,7.43402,9.2255,-0.5,2.30861,-0.56
1,0,0,8,-0.23,0.39,1.83,1.54,7.9024,6.8281,0.153236,0.07554,-0.21
1,0,0,8,0.07,0.16,1.83,1.63,7.9024,6.7462,0.153236,0.52766,0.33
1,0,0,8,-0.29,0.02,1.83,1.66,7.9024,6.7665,0.153236,0.67584,0.38
1,0,0,8,-0.82,0.04,1.83,1.55,7.9024,7.43402,0.153236,-0.5,-0.35
1,0,0,8,0,-0.04,1.83,1.88,7.9024,7.881,0.153236,0.66226,0.04
1,0,0,8,-0.1,-0.06,1.83,1.91,7.9024,7.6398,0.153236,1.15716,-0.49
1,0,0,8,-0.58,0.01,1.83,1.9,7.9024,7.72638,0.153236,1.23578,-1.1
1,0,0,8,-0.4,0.69,1.83,1.33,7.9024,6.6339,0.153236,0.43328,-2.48
1,0,0,8,0.02,0.41,1.83,1.6,7.9024,6.75885,0.153236,0.9174,-0.07
1,0,0,8,0.37,0.33,1.83,2.16,7.9024,7.09243,0.153236,0.7473,0.78
1,0,0,8,0.22,0.18,1.83,1.9,7.9024,7.28,0.153236,0.55,0.91
1,0,0,8,0.37,0.13,1.83,2.2,7.9024,7.3605,0.153236,1.04638,0.52
1,0,0,8,0.12,0.15,1.83,2.28,7.9024,7.4589,0.153236,1.14289,-0.14
1,0,0,8,-0.38,0.21,1.83,2.2,7.9024,8.3369,0.153236,0.56214,-0.99
1,0,0,8,-0.985,0.35,1.83,1.93,7.9024,7.5762,0.153236,1.30447,-1.77
1,0,0,8,-0.25,0.64,1.83,1.3,7.9024,6.82507,0.153236,0.178,-1.57
1,0,0,8,0.27,0.41,1.83,1.5,7.9024,7.5496,0.153236,0.323,-3.09
1,0,0,8,0.52,0.29,1.83,2.36,7.9024,7.864,0.153236,0.81626,1.24
1,0,0,8,0.82,0.21,1.83,1.9,7.9024,7.8335,0.153236,0.060396,1.53
1,0,0,8,0.62,0.17,1.83,2.2,7.9024,8.4382,0.153236,1.0778,1.22
1,0,0,8,0.37,0.18,1.83,2.2,7.9024,8.967,0.153236,1.56436,0.55
1,0,0,8,-0.08,0.24,1.83,2.28,7.9024,8.9587,0.153236,2.1251,-0.36
1,0,0,8,-0.74,0.34,1.83,2.54,7.9024,9.2255,0.153236,2.30861,-1.37
1,0,0,6,-0.23,0.43,1.88,1.54,7.881,6.8281,0.66226,0.07554,-0.25
1,0,0,6,0.07,0.2,1.88,1.63,7.881,6.7462,0.66226,0.52766,0.33
1,0,0,6,-0.29,0.06,1.88,1.66,7.881,6.7665,0.66226,0.67584,0.33
1,0,0,6,-0.82,0.08,1.88,1.55,7.881,7.43402,0.66226,-0.5,0.33
1,0,0,6,0,0.04,1.88,1.83,7.881,7.9024,0.66226,0.153236,-0.08
1,0,0,6,-0.1,-0.02,1.88,1.91,7.881,7.6398,0.66226,1.15716,-0.15
1,0,0,6,-0.58,0.05,1.88,1.9,7.881,7.72638,0.66226,1.23578,-0.53
1,0,0,6,-0.4,0.73,1.88,1.33,7.881,6.6339,0.66226,0.43328,-1.51
1,0,0,6,0.02,0.45,1.88,1.6,7.881,6.75885,0.66226,0.9174,-0.13
1,0,0,6,0.37,0.37,1.88,2.16,7.881,7.09243,0.66226,0.7473,0.61
1,0,0,6,0.22,0.22,1.88,1.9,7.881,7.28,0.66226,0.55,0.74
1,0,0,6,0.37,0.17,1.88,2.2,7.881,7.3605,0.66226,1.04638,0.35
1,0,0,6,0.12,0.19,1.88,2.28,7.881,7.4589,0.66226,1.14289,-0.05
1,0,0,6,-0.38,0.25,1.88,2.2,7.881,8.3369,0.66226,0.56214,-0.46
1,0,0,6,-0.985,0.39,1.88,1.93,7.881,7.5762,0.66226,1.30447,-0.99
1,0,0,6,-0.25,0.68,1.88,1.3,7.881,6.82507,0.66226,0.178,-0.96
1,0,0,6,0.27,0.45,1.88,1.5,7.881,7.5496,0.66226,0.323,0.17
1,0,0,6,0.52,0.33,1.88,2.36,7.881,7.864,0.66226,0.81626,0.98
1,0,0,6,0.82,0.25,1.88,1.9,7.881,7.8335,0.66226,0.060396,1.28
1,0,0,6,0.62,0.21,1.88,2.2,7.881,8.4382,0.66226,1.0778,1.02
1,0,0,6,0.37,0.22,1.88,2.2,7.881,8.967,0.66226,1.56436,0.41
1,0,0,6,-0.08,0.28,1.88,2.28,7.881,8.9587,0.66226,2.1251,-0.06
1,0,0,6,-0.74,0.38,1.88,2.54,7.881,9.2255,0.66226,2.30861,-0.76
1,0,0,4,-0.13,0.45,1.91,1.54,7.6398,6.8281,1.15716,0.07554,0.07
1,0,0,4,0.17,0.22,1.91,1.63,7.6398,6.7462,1.15716,0.52766,0.51
1,0,0,4,-0.19,0.08,1.91,1.66,7.6398,6.7665,1.15716,0.67584,0.82
1,0,0,4,-0.72,0.1,1.91,1.55,7.6398,7.43402,1.15716,-0.5,-0.2
1,0,0,4,0.1,0.06,1.91,1.83,7.6398,7.9024,1.15716,0.153236,-0.1
1,0,0,4,0.1,0.02,1.91,1.88,7.6398,7.881,1.15716,0.66226,-2.94
1,0,0,4,-0.48,0.07,1.91,1.9,7.6398,7.72638,1.15716,1.23578,-0.39
1,0,0,4,-0.3,0.75,1.91,1.33,7.6398,6.6339,1.15716,0.43328,-1.52
1,0,0,4,0.12,0.47,1.91,1.6,7.6398,6.75885,1.15716,0.9174,0.03
1,0,0,4,0.47,0.39,1.91,2.16,7.6398,7.09243,1.15716,0.7473,0.63
1,0,0,4,0.32,0.24,1.91,1.9,7.6398,7.28,1.15716,0.55,0.81
1,0,0,4,0.47,0.19,1.91,2.2,7.6398,7.3605,1.15716,1.04638,0.68
1,0,0,4,0.22,0.21,1.91,2.28,7.6398,7.4589,1.15716,1.14289,0.24
1,0,0,4,-0.28,0.27,1.91,2.2,7.6398,8.3369,1.15716,0.56214,-0.27
1,0,0,4,-0.885,0.41,1.91,1.93,7.6398,7.5762,1.15716,1.30447,-3.73
1,0,0,4,-0.15,0.7,1.91,1.3,7.6398,6.82507,1.15716,0.178,-0.67
1,0,0,4,0.37,0.47,1.91,1.5,7.6398,7.5496,1.15716,0.323,0.32
1,0,0,4,0.62,0.35,1.91,2.36,7.6398,7.864,1.15716,0.81626,0.77
1,0,0,4,0.92,0.27,1.91,1.9,7.6398,7.8335,1.15716,0.060396,1.08
1,0,0,4,0.72,0.23,1.91,2.2,7.6398,8.4382,1.15716,1.0778,1.04
1,0,0,4,0.47,0.24,1.91,2.2,7.6398,8.967,1.15716,1.56436,0.68
1,0,0,4,0.02,0.3,1.91,2.28,7.6398,8.9587,1.15716,2.1251,0.11
1,0,0,4,-0.64,0.4,1.91,2.54,7.6398,9.2255,1.15716,2.30861,-0.69
1,0,0,4,0.35,0.38,1.9,1.54,7.72638,6.8281,1.23578,0.07554,0.67
1,0,0,4,0.65,0.15,1.9,1.63,7.72638,6.7462,1.23578,0.52766,1.03
1,0,0,4,0.29,0.01,1.9,1.66,7.72638,6.7665,1.23578,0.67584,0.4
1,0,0,4,-0.24,0.03,1.9,1.55,7.72638,7.43402,1.23578,-0.5,0.37
1,0,0,4,0.58,-0.01,1.9,1.83,7.72638,7.9024,1.23578,0.153236,0.58
1,0,0,4,0.58,-0.05,1.9,1.88,7.72638,7.881,1.23578,0.66226,0.64
1,0,0,4,0.48,-0.07,1.9,1.91,7.72638,7.6398,1.23578,1.15716,0.4
1,0,0,4,0.18,0.68,1.9,1.33,7.72638,6.6339,1.23578,0.43328,-0.93
1,0,0,4,0.6,0.4,1.9,1.6,7.72638,6.75885,1.23578,0.9174,0.8
1,0,0,4,0.95,0.32,1.9,2.16,7.72638,7.09243,1.23578,0.7473,1.19
1,0,0,4,0.8,0.17,1.9,1.9,7.72638,7.28,1.23578,0.55,1.23
1,0,0,4,0.95,0.12,1.9,2.2,7.72638,7.3605,1.23578,1.04638,1.06
1,0,0,4,0.7,0.14,1.9,2.28,7.72638,7.4589,1.23578,1.14289,0.69
1,0,0,4,0.2,0.2,1.9,2.2,7.72638,8.3369,1.23578,0.56214,0.14
1,0,0,4,-0.405,0.34,1.9,1.93,7.72638,7.5762,1.23578,1.30447,-0.37
1,0,0,4,0.33,0.63,1.9,1.3,7.72638,6.82507,1.23578,0.178,-0.29
1,0,0,4,0.85,0.4,1.9,1.5,7.72638,7.5496,1.23578,0.323,1.07
1,0,0,4,1.1,0.28,1.9,2.36,7.72638,7.864,1.23578,0.81626,1.5
1,0,0,4,1.4,0.2,1.9,1.9,7.72638,7.8335,1.23578,0.060396,1.58
1,0,0,4,1.2,0.16,1.9,2.2,7.72638,8.4382,1.23578,1.0778,1.42
1,0,0,4,0.95,0.17,1.9,2.2,7.72638,8.967,1.23578,1.56436,1.03
1,0,0,4,0.5,0.23,1.9,2.28,7.72638,8.9587,1.23578,2.1251,0.43
1,0,0,4,-0.16,0.33,1.9,2.54,7.72638,9.2255,1.23578,2.30861,-0.18
1,0,0,6,0.17,-0.3,1.33,1.54,6.6339,6.8281,0.43328,0.07554,0.85
1,0,0,6,0.47,-0.53,1.33,1.63,6.6339,6.7462,0.43328,0.52766,0.88
1,0,0,6,0.11,-0.67,1.33,1.66,6.6339,6.7665,0.43328,0.67584,0.28
1,0,0,6,-0.42,-0.65,1.33,1.55,6.6339,7.43402,0.43328,-0.5,0.07
1,0,0,6,0.4,-0.69,1.33,1.83,6.6339,7.9024,0.43328,0.153236,0.33
1,0,0,6,0.4,-0.73,1.33,1.88,6.6339,7.881,0.43328,0.66226,0.26
1,0,0,6,0.3,-0.75,1.33,1.91,6.6339,7.6398,0.43328,1.15716,0.01
1,0,0,6,-0.18,-0.68,1.33,1.9,6.6339,7.72638,0.43328,1.23578,-0.26
1,0,0,6,0.42,-0.28,1.33,1.6,6.6339,6.75885,0.43328,0.9174,1.48
1,0,0,6,0.77,-0.36,1.33,2.16,6.6339,7.09243,0.43328,0.7473,1.41
1,0,0,6,0.62,-0.51,1.33,1.9,6.6339,7.28,0.43328,0.55,1.1
1,0,0,6,0.77,-0.56,1.33,2.2,6.6339,7.3605,0.43328,1.04638,0.69
1,0,0,6,0.52,-0.54,1.33,2.28,6.6339,7.4589,0.43328,1.14289,0.28
1,0,0,6,0.02,-0.48,1.33,2.2,6.6339,8.3369,0.43328,0.56214,-0.08
1,0,0,6,-0.585,-0.34,1.33,1.93,6.6339,7.5762,0.43328,1.30447,-0.32
1,0,0,6,0.15,-0.05,1.33,1.3,6.6339,6.82507,0.43328,0.178,1.23
1,0,0,6,0.67,-0.28,1.33,1.5,6.6339,7.5496,0.43328,0.323,1.67
1,0,0,6,0.92,-0.4,1.33,2.36,6.6339,7.864,0.43328,0.81626,1.73
1,0,0,6,1.22,-0.48,1.33,1.9,6.6339,7.8335,0.43328,0.060396,1.54
1,0,0,6,1.02,-0.52,1.33,2.2,6.6339,8.4382,0.43328,1.0778,1.11
1,0,0,6,0.77,-0.51,1.33,2.2,6.6339,8.967,0.43328,1.56436,0.62
1,0,0,6,0.32,-0.45,1.33,2.28,6.6339,8.9587,0.43328,2.1251,0.15
1,0,0,6,-0.34,-0.35,1.33,2.54,6.6339,9.2255,0.43328,2.30861,-0.22
1,0,0,8,-0.25,-0.02,1.6,1.54,6.75885,6.8281,0.9174,0.07554,-0.98
1,0,0,8,0.05,-0.25,1.6,1.63,6.75885,6.7462,0.9174,0.52766,-0.13
1,0,0,8,-0.31,-0.39,1.6,1.66,6.75885,6.7665,0.9174,0.67584,-0.22
1,0,0,8,-0.84,-0.37,1.6,1.55,6.75885,7.43402,0.9174,-0.5,-0.36
1,0,0,8,-0.02,-0.41,1.6,1.83,6.75885,7.9024,0.9174,0.153236,-0.01
1,0,0,8,-0.02,-0.45,1.6,1.88,6.75885,7.881,0.9174,0.66226,0.29
1,0,0,8,-0.12,-0.47,1.6,1.91,6.75885,7.6398,0.9174,1.15716,0.13
1,0,0,8,-0.6,-0.4,1.6,1.9,6.75885,7.72638,0.9174,1.23578,-0.74
1,0,0,8,-0.42,0.28,1.6,1.33,6.75885,6.6339,0.9174,0.43328,-0.58
1,0,0,8,0.35,-0.08,1.6,2.16,6.75885,7.09243,0.9174,0.7473,0.76
1,0,0,8,0.2,-0.23,1.6,1.9,6.75885,7.28,0.9174,0.55,1.25
1,0,0,8,0.35,-0.28,1.6,2.2,6.75885,7.3605,0.9174,1.04638,1.15
1,0,0,8,0.1,-0.26,1.6,2.28,6.75885,7.4589,0.9174,1.14289,0.5
1,0,0,8,-0.4,-0.2,1.6,2.2,6.75885,8.3369,0.9174,0.56214,-0.01
1,0,0,8,-1.005,-0.06,1.6,1.93,6.75885,7.5762,0.9174,1.30447,-0.96
1,0,0,8,-0.27,0.23,1.6,1.3,6.75885,6.82507,0.9174,0.178,-1.09
1,0,0,8,0.25,0,1.6,1.5,6.75885,7.5496,0.9174,0.323,0.35
1,0,0,8,0.5,-0.12,1.6,2.36,6.75885,7.864,0.9174,0.81626,1.3
1,0,0,8,0.8,-0.2,1.6,1.9,6.75885,7.8335,0.9174,0.060396,1.73
1,0,0,8,0.6,-0.24,1.6,2.2,6.75885,8.4382,0.9174,1.0778,1.85
1,0,0,8,0.35,-0.23,1.6,2.2,6.75885,8.967,0.9174,1.56436,1.6
1,0,0,8,-0.1,-0.17,1.6,2.28,6.75885,8.9587,0.9174,2.1251,0.82
1,0,0,8,-0.76,-0.07,1.6,2.54,6.75885,9.2255,0.9174,2.30861,-0.14
1,0,0,8,-0.6,0.06,2.16,1.54,7.09243,6.8281,0.7473,0.07554,-0.46
1,0,0,8,-0.3,-0.17,2.16,1.63,7.09243,6.7462,0.7473,0.52766,0.03
1,0,0,8,-0.66,-0.31,2.16,1.66,7.09243,6.7665,0.7473,0.67584,-0.19
1,0,0,8,-1.19,-0.29,2.16,1.55,7.09243,7.43402,0.7473,-0.5,-0.85
1,0,0,8,-0.37,-0.33,2.16,1.83,7.09243,7.9024,0.7473,0.153236,-0.89
1,0,0,8,-0.37,-0.37,2.16,1.88,7.09243,7.881,0.7473,0.66226,-1.14
1,0,0,8,-0.47,-0.39,2.16,1.91,7.09243,7.6398,0.7473,1.15716,-1.5
1,0,0,8,-0.95,-0.32,2.16,1.9,7.09243,7.72638,0.7473,1.23578,-1.87
1,0,0,8,-0.77,0.36,2.16,1.33,7.09243,6.6339,0.7473,0.43328,-3.9
1,0,0,8,-0.35,0.08,2.16,1.6,7.09243,6.75885,0.7473,0.9174,-0.32
1,0,0,8,-0.15,-0.15,2.16,1.9,7.09243,7.28,0.7473,0.55,-0.26
1,0,0,8,0,-0.2,2.16,2.2,7.09243,7.3605,0.7473,1.04638,-0.87
1,0,0,8,-0.25,-0.18,2.16,2.28,7.09243,7.4589,0.7473,1.14289,-1.58
1,0,0,8,-0.75,-0.12,2.16,2.2,7.09243,8.3369,0.7473,0.56214,-2.14
1,0,0,8,-1.355,0.02,2.16,1.93,7.09243,7.5762,0.7473,1.30447,-3.6
1,0,0,8,-0.62,0.31,2.16,1.3,7.09243,6.82507,0.7473,0.178,-1
1,0,0,8,-0.1,0.08,2.16,1.5,7.09243,7.5496,0.7473,0.323,0.01
1,0,0,8,0.15,-0.04,2.16,2.36,7.09243,7.864,0.7473,0.81626,0.45
1,0,0,8,0.45,-0.12,2.16,1.9,7.09243,7.8335,0.7473,0.060396,0.32
1,0,0,8,0.25,-0.16,2.16,2.2,7.09243,8.4382,0.7473,1.0778,-0.24
1,0,0,8,0,-0.15,2.16,2.2,7.09243,8.967,0.7473,1.56436,-1.04
1,0,0,8,-0.45,-0.09,2.16,2.28,7.09243,8.9587,0.7473,2.1251,-1.8
1,0,0,8,-1.11,0.01,2.16,2.54,7.09243,9.2255,0.7473,2.30861,-2.44
1,0,0,6,-0.45,0.21,1.9,1.54,7.28,6.8281,0.55,0.07554,-1.15
1,0,0,6,-0.15,-0.02,1.9,1.63,7.28,6.7462,0.55,0.52766,-0.58
1,0,0,6,-0.51,-0.16,1.9,1.66,7.28,6.7665,0.55,0.67584,-0.29
1,0,0,6,-1.04,-0.14,1.9,1.55,7.28,7.43402,0.55,-0.5,-0.43
1,0,0,6,-0.22,-0.18,1.9,1.83,7.28,7.9024,0.55,0.153236,-0.32
1,0,0,6,-0.22,-0.22,1.9,1.88,7.28,7.881,0.55,0.66226,-0.19
1,0,0,6,-0.32,-0.24,1.9,1.91,7.28,7.6398,0.55,1.15716,-0.43
1,0,0,6,-0.8,-0.17,1.9,1.9,7.28,7.72638,0.55,1.23578,-0.81
1,0,0,6,-0.62,0.51,1.9,1.33,7.28,6.6339,0.55,0.43328,-1.33
1,0,0,6,-0.2,0.23,1.9,1.6,7.28,6.75885,0.55,0.9174,-1.07
1,0,0,6,0.15,0.15,1.9,2.16,7.28,7.09243,0.55,0.7473,0.76
1,0,0,6,0.15,-0.05,1.9,2.2,7.28,7.3605,0.55,1.04638,0.04
1,0,0,6,-0.1,-0.03,1.9,2.28,7.28,7.4589,0.55,1.14289,-0.18
1,0,0,6,-0.6,0.03,1.9,2.2,7.28,8.3369,0.55,0.56214,-0.6
1,0,0,6,-1.205,0.17,1.9,1.93,7.28,7.5762,0.55,1.30447,-1.12
1,0,0,6,-0.47,0.46,1.9,1.3,7.28,6.82507,0.55,0.178,-1.72
1,0,0,6,0.05,0.23,1.9,1.5,7.28,7.5496,0.55,0.323,-0.61
1,0,0,6,0.3,0.11,1.9,2.36,7.28,7.864,0.55,0.81626,-0.02
1,0,0,6,0.6,0.03,1.9,1.9,7.28,7.8335,0.55,0.060396,0.38
1,0,0,6,0.4,-0.01,1.9,2.2,7.28,8.4382,0.55,1.0778,0.48
1,0,0,6,0.15,0,1.9,2.2,7.28,8.967,0.55,1.56436,0.29
1,0,0,6,-0.3,0.06,1.9,2.28,7.28,8.9587,0.55,2.1251,-0.14
1,0,0,6,-0.96,0.16,1.9,2.54,7.28,9.2255,0.55,2.30861,-0.75
1,0,0,6,-0.6,0.26,2.2,1.54,7.3605,6.8281,1.04638,0.07554,-1.18
1,0,0,6,-0.3,0.03,2.2,1.63,7.3605,6.7462,1.04638,0.52766,-0.58
1,0,0,6,-0.66,-0.11,2.2,1.66,7.3605,6.7665,1.04638,0.67584,-0.26
1,0,0,6,-1.19,-0.09,2.2,1.55,7.3605,7.43402,1.04638,-0.5,-0.53
1,0,0,6,-0.37,-0.13,2.2,1.83,7.3605,7.9024,1.04638,0.153236,-0.65
1,0,0,6,-0.37,-0.17,2.2,1.88,7.3605,7.881,1.04638,0.66226,-0.52
1,0,0,6,-0.47,-0.19,2.2,1.91,7.3605,7.6398,1.04638,1.15716,-0.77
1,0,0,6,-0.95,-0.12,2.2,1.9,7.3605,7.72638,1.04638,1.23578,-1.34
1,0,0,6,-0.77,0.56,2.2,1.33,7.3605,6.6339,1.04638,0.43328,-1.73
1,0,0,6,-0.35,0.28,2.2,1.6,7.3605,6.75885,1.04638,0.9174,-1.03
1,0,0,6,0,0.2,2.2,2.16,7.3605,7.09243,1.04638,0.7473,-0.31
1,0,0,6,-0.15,0.05,2.2,1.9,7.3605,7.28,1.04638,0.55,0
1,0,0,6,-0.25,0.02,2.2,2.28,7.3605,7.4589,1.04638,1.14289,-0.29
1,0,0,6,-0.75,0.08,2.2,2.2,7.3605,8.3369,1.04638,0.56214,-0.96
1,0,0,6,-1.355,0.22,2.2,1.93,7.3605,7.5762,1.04638,1.30447,-1.76
1,0,0,6,-0.62,0.51,2.2,1.3,7.3605,6.82507,1.04638,0.178,-1.83
1,0,0,6,-0.1,0.28,2.2,1.5,7.3605,7.5496,1.04638,0.323,-0.68
1,0,0,6,0.15,0.16,2.2,2.36,7.3605,7.864,1.04638,0.81626,-0.03
1,0,0,6,0.45,0.08,2.2,1.9,7.3605,7.8335,1.04638,0.060396,0.36
1,0,0,6,0.25,0.04,2.2,2.2,7.3605,8.4382,1.04638,1.0778,0.41
1,0,0,6,0,0.05,2.2,2.2,7.3605,8.967,1.04638,1.56436,0.15
1,0,0,6,-0.45,0.11,2.2,2.28,7.3605,8.9587,1.04638,2.1251,-0.53
1,0,0,6,-1.11,0.21,2.2,2.54,7.3605,9.2255,1.04638,2.30861,-1.48
1,0,0,4,-0.35,0.24,2.28,1.54,7.4589,6.8281,1.14289,0.07554,-0.09
1,0,0,4,-0.05,0.01,2.28,1.63,7.4589,6.7462,1.14289,0.52766,0.32
1,0,0,4,-0.41,-0.13,2.28,1.66,7.4589,6.7665,1.14289,0.67584,0.24
1,0,0,4,-0.94,-0.11,2.28,1.55,7.4589,7.43402,1.14289,-0.5,-0.34
1,0,0,4,-0.12,-0.15,2.28,1.83,7.4589,7.9024,1.14289,0.153236,-0.34
1,0,0,4,-0.12,-0.19,2.28,1.88,7.4589,7.881,1.14289,0.66226,-0.29
1,0,0,4,-0.22,-0.21,2.28,1.91,7.4589,7.6398,1.14289,1.15716,-0.49
1,0,0,4,-0.7,-0.14,2.28,1.9,7.4589,7.72638,1.14289,1.23578,-0.94
1,0,0,4,-0.52,0.54,2.28,1.33,7.4589,6.6339,1.14289,0.43328,-1.28
1,0,0,4,-0.1,0.26,2.28,1.6,7.4589,6.75885,1.14289,0.9174,0.1
1,0,0,4,0.25,0.18,2.28,2.16,7.4589,7.09243,1.14289,0.7473,0.56
1,0,0,4,0.1,0.03,2.28,1.9,7.4589,7.28,1.14289,0.55,0.64
1,0,0,4,0.25,-0.02,2.28,2.2,7.4589,7.3605,1.14289,1.04638,0.44
1,0,0,4,-0.5,0.06,2.28,2.2,7.4589,8.3369,1.14289,0.56214,-0.68
1,0,0,4,-1.105,0.2,2.28,1.93,7.4589,7.5762,1.14289,1.30447,-1.36
1,0,0,4,-0.37,0.49,2.28,1.3,7.4589,6.82507,1.14289,0.178,-1.74
1,0,0,4,0.15,0.26,2.28,1.5,7.4589,7.5496,1.14289,0.323,0.34
1,0,0,4,0.4,0.14,2.28,2.36,7.4589,7.864,1.14289,0.81626,0.85
1,0,0,4,0.7,0.06,2.28,1.9,7.4589,7.8335,1.14289,0.060396,1.01
1,0,0,4,0.5,0.02,2.28,2.2,7.4589,8.4382,1.14289,1.0778,0.89
1,0,0,4,0.25,0.03,2.28,2.2,7.4589,8.967,1.14289,1.56436,0.47
1,0,0,4,-0.2,0.09,2.28,2.28,7.4589,8.9587,1.14289,2.1251,-0.23
1,0,0,4,-0.86,0.19,2.28,2.54,7.4589,9.2255,1.14289,2.30861,-1.13
1,0,0,4,0.15,0.18,2.2,1.54,8.3369,6.8281,0.56214,0.07554,0.9
1,0,0,4,0.45,-0.05,2.2,1.63,8.3369,6.7462,0.56214,0.52766,1.2
1,0,0,4,0.09,-0.19,2.2,1.66,8.3369,6.7665,0.56214,0.67584,0.6
1,0,0,4,-0.44,-0.17,2.2,1.55,8.3369,7.43402,0.56214,-0.5,0.27
1,0,0,4,0.38,-0.21,2.2,1.83,8.3369,7.9024,0.56214,0.153236,0.47
1,0,0,4,0.38,-0.25,2.2,1.88,8.3369,7.881,0.56214,0.66226,0.43
1,0,0,4,0.28,-0.27,2.2,1.91,8.3369,7.6398,0.56214,1.15716,0.18
1,0,0,4,-0.2,-0.2,2.2,1.9,8.3369,7.72638,0.56214,1.23578,0
1,0,0,4,-0.02,0.48,2.2,1.33,8.3369,6.6339,0.56214,0.43328,-0.53
1,0,0,4,0.4,0.2,2.2,1.6,8.3369,6.75885,0.56214,0.9174,1.24
1,0,0,4,0.75,0.12,2.2,2.16,8.3369,7.09243,0.56214,0.7473,1.52
1,0,0,4,0.6,-0.03,2.2,1.9,8.3369,7.28,0.56214,0.55,1.44
1,0,0,4,0.75,-0.08,2.2,2.2,8.3369,7.3605,0.56214,1.04638,1.03
1,0,0,4,0.5,-0.06,2.2,2.28,8.3369,7.4589,0.56214,1.14289,0.51
1,0,0,4,-0.605,0.14,2.2,1.93,8.3369,7.5762,0.56214,1.30447,-0.3
1,0,0,4,0.13,0.43,2.2,1.3,8.3369,6.82507,0.56214,0.178,-0.59
1,0,0,4,0.65,0.2,2.2,1.5,8.3369,7.5496,0.56214,0.323,1.35
1,0,0,4,0.9,0.08,2.2,2.36,8.3369,7.864,0.56214,0.81626,1.88
1,0,0,4,1.2,0,2.2,1.9,8.3369,7.8335,0.56214,0.060396,1.9
1,0,0,4,1,-0.04,2.2,2.2,8.3369,8.4382,0.56214,1.0778,1.56
1,0,0,4,0.75,-0.03,2.2,2.2,8.3369,8.967,0.56214,1.56436,1
1,0,0,4,0.3,0.03,2.2,2.28,8.3369,8.9587,0.56214,2.1251,0.35
1,0,0,4,-0.36,0.13,2.2,2.54,8.3369,9.2255,0.56214,2.30861,-0.24
1,0,0,4,0.755,0.04,1.93,1.54,7.5762,6.8281,1.30447,0.07554,1.07
1,0,0,4,1.055,-0.19,1.93,1.63,7.5762,6.7462,1.30447,0.52766,1.17
1,0,0,4,0.695,-0.33,1.93,1.66,7.5762,6.7665,1.30447,0.67584,0.37
1,0,0,4,0.165,-0.31,1.93,1.55,7.5762,7.43402,1.30447,-0.5,1.27
1,0,0,4,0.985,-0.35,1.93,1.83,7.5762,7.9024,1.30447,0.153236,0.54
1,0,0,4,0.985,-0.39,1.93,1.88,7.5762,7.881,1.30447,0.66226,0.63
1,0,0,4,0.885,-0.41,1.93,1.91,7.5762,7.6398,1.30447,1.15716,0.33
1,0,0,4,0.405,-0.34,1.93,1.9,7.5762,7.72638,1.30447,1.23578,0.09
1,0,0,4,0.585,0.34,1.93,1.33,7.5762,6.6339,1.30447,0.43328,0.11
1,0,0,4,1.005,0.06,1.93,1.6,7.5762,6.75885,1.30447,0.9174,1.53
1,0,0,4,1.355,-0.02,1.93,2.16,7.5762,7.09243,1.30447,0.7473,1.6
1,0,0,4,1.205,-0.17,1.93,1.9,7.5762,7.28,1.30447,0.55,1.47
1,0,0,4,1.355,-0.22,1.93,2.2,7.5762,7.3605,1.30447,1.04638,1.13
1,0,0,4,1.105,-0.2,1.93,2.28,7.5762,7.4589,1.30447,1.14289,0.84
1,0,0,4,0.605,-0.14,1.93,2.2,7.5762,8.3369,1.30447,0.56214,0.31
1,0,0,4,0.735,0.29,1.93,1.3,7.5762,6.82507,1.30447,0.178,-0.37
1,0,0,4,1.255,0.06,1.93,1.5,7.5762,7.5496,1.30447,0.323,1.75
1,0,0,4,1.505,-0.06,1.93,2.36,7.5762,7.864,1.30447,0.81626,1.87
1,0,0,4,1.805,-0.14,1.93,1.9,7.5762,7.8335,1.30447,0.060396,1.77
1,0,0,4,1.605,-0.18,1.93,2.2,7.5762,8.4382,1.30447,1.0778,1.56
1,0,0,4,1.355,-0.17,1.93,2.2,7.5762,8.967,1.30447,1.56436,1.12
1,0,0,4,0.905,-0.11,1.93,2.28,7.5762,8.9587,1.30447,2.1251,0.57
1,0,0,4,0.245,-0.01,1.93,2.54,7.5762,9.2255,1.30447,2.30861,0.13
1,0,0,6,0.02,-0.25,1.3,1.54,6.82507,6.8281,0.178,0.07554,-0.14
1,0,0,6,0.32,-0.48,1.3,1.63,6.82507,6.7462,0.178,0.52766,-0.28
1,0,0,6,-0.04,-0.62,1.3,1.66,6.82507,6.7665,0.178,0.67584,-0.63
1,0,0,6,-0.57,-0.6,1.3,1.55,6.82507,7.43402,0.178,-0.5,-0.67
1,0,0,6,0.25,-0.64,1.3,1.83,6.82507,7.9024,0.178,0.153236,-0.65
1,0,0,6,0.25,-0.68,1.3,1.88,6.82507,7.881,0.178,0.66226,-0.61
1,0,0,6,0.15,-0.7,1.3,1.91,6.82507,7.6398,0.178,1.15716,-0.71
1,0,0,6,-0.33,-0.63,1.3,1.9,6.82507,7.72638,0.178,1.23578,-1
1,0,0,6,-0.15,0.05,1.3,1.33,6.82507,6.6339,0.178,0.43328,-0.84
1,0,0,6,0.27,-0.23,1.3,1.6,6.82507,6.75885,0.178,0.9174,0.22
1,0,0,6,0.62,-0.31,1.3,2.16,6.82507,7.09243,0.178,0.7473,0.23
1,0,0,6,0.47,-0.46,1.3,1.9,6.82507,7.28,0.178,0.55,0.13
1,0,0,6,0.62,-0.51,1.3,2.2,6.82507,7.3605,0.178,1.04638,-0.18
1,0,0,6,0.37,-0.49,1.3,2.28,6.82507,7.4589,0.178,1.14289,-0.44
1,0,0,6,-0.13,-0.43,1.3,2.2,6.82507,8.3369,0.178,0.56214,-0.82
1,0,0,6,-0.735,-0.29,1.3,1.93,6.82507,7.5762,0.178,1.30447,-1.07
1,0,0,6,0.52,-0.23,1.3,1.5,6.82507,7.5496,0.178,0.323,0.43
1,0,0,6,0.77,-0.35,1.3,2.36,6.82507,7.864,0.178,0.81626,0.52
1,0,0,6,1.07,-0.43,1.3,1.9,6.82507,7.8335,0.178,0.060396,0.24
1,0,0,6,0.87,-0.47,1.3,2.2,6.82507,8.4382,0.178,1.0778,0.13
1,0,0,6,0.62,-0.46,1.3,2.2,6.82507,8.967,0.178,1.56436,-0.05
1,0,0,6,0.17,-0.4,1.3,2.28,6.82507,8.9587,0.178,2.1251,-0.48
1,0,0,6,-0.49,-0.3,1.3,2.54,6.82507,9.2255,0.178,2.30861,-0.9
1,0,0,8,-0.5,-0.02,1.5,1.54,7.5496,6.8281,0.323,0.07554,-1.41
1,0,0,8,-0.2,-0.25,1.5,1.63,7.5496,6.7462,0.323,0.52766,-0.44
1,0,0,8,-0.56,-0.39,1.5,1.66,7.5496,6.7665,0.323,0.67584,-0.09
1,0,0,8,-1.09,-0.37,1.5,1.55,7.5496,7.43402,0.323,-0.5,-0.16
1,0,0,8,-0.27,-0.41,1.5,1.83,7.5496,7.9024,0.323,0.153236,0.24
1,0,0,8,-0.27,-0.45,1.5,1.88,7.5496,7.881,0.323,0.66226,0.49
1,0,0,8,-0.37,-0.47,1.5,1.91,7.5496,7.6398,0.323,1.15716,-0.18
1,0,0,8,-0.85,-0.4,1.5,1.9,7.5496,7.72638,0.323,1.23578,-0.9
1,0,0,8,-0.67,0.28,1.5,1.33,7.5496,6.6339,0.323,0.43328,-0.6
1,0,0,8,-0.25,0,1.5,1.6,7.5496,6.75885,0.323,0.9174,-0.37
1,0,0,8,0.1,-0.08,1.5,2.16,7.5496,7.09243,0.323,0.7473,0.7
1,0,0,8,-0.05,-0.23,1.5,1.9,7.5496,7.28,0.323,0.55,1.04
1,0,0,8,0.1,-0.28,1.5,2.2,7.5496,7.3605,0.323,1.04638,1
1,0,0,8,-0.15,-0.26,1.5,2.28,7.5496,7.4589,0.323,1.14289,0.74
1,0,0,8,-0.65,-0.2,1.5,2.2,7.5496,8.3369,0.323,0.56214,-0.19
1,0,0,8,-1.255,-0.06,1.5,1.93,7.5496,7.5762,0.323,1.30447,-1.1
1,0,0,8,-0.52,0.23,1.5,1.3,7.5496,6.82507,0.323,0.178,-1.27
1,0,0,8,0.25,-0.12,1.5,2.36,7.5496,7.864,0.323,0.81626,-1.25
1,0,0,8,0.55,-0.2,1.5,1.9,7.5496,7.8335,0.323,0.060396,1.55
1,0,0,8,0.35,-0.24,1.5,2.2,7.5496,8.4382,0.323,1.0778,1.69
1,0,0,8,0.1,-0.23,1.5,2.2,7.5496,8.967,0.323,1.56436,1.37
1,0,0,8,-0.35,-0.17,1.5,2.28,7.5496,8.9587,0.323,2.1251,0.65
1,0,0,8,-1.01,-0.07,1.5,2.54,7.5496,9.2255,0.323,2.30861,-0.26
1,0,0,8,-0.75,0.1,2.36,1.54,7.864,6.8281,0.81626,0.07554,-0.91
1,0,0,8,-0.45,-0.13,2.36,1.63,7.864,6.7462,0.81626,0.52766,-0.34
1,0,0,8,-0.81,-0.27,2.36,1.66,7.864,6.7665,0.81626,0.67584,-0.54
1,0,0,8,-1.34,-0.25,2.36,1.55,7.864,7.43402,0.81626,-0.5,-1.13
1,0,0,8,-0.52,-0.29,2.36,1.83,7.864,7.9024,0.81626,0.153236,-1.27
1,0,0,8,-0.52,-0.33,2.36,1.88,7.864,7.881,0.81626,0.66226,-1.59
1,0,0,8,-0.62,-0.35,2.36,1.91,7.864,7.6398,0.81626,1.15716,-1.9
1,0,0,8,-1.1,-0.28,2.36,1.9,7.864,7.72638,0.81626,1.23578,-2.26
1,0,0,8,-0.92,0.4,2.36,1.33,7.864,6.6339,0.81626,0.43328,-4.75
1,0,0,8,-0.5,0.12,2.36,1.6,7.864,6.75885,0.81626,0.9174,-0.8
1,0,0,8,-0.15,0.04,2.36,2.16,7.864,7.09243,0.81626,0.7473,-0.47
1,0,0,8,-0.3,-0.11,2.36,1.9,7.864,7.28,0.81626,0.55,-0.76
1,0,0,8,-0.15,-0.16,2.36,2.2,7.864,7.3605,0.81626,1.04638,-1.47
1,0,0,8,-0.4,-0.14,2.36,2.28,7.864,7.4589,0.81626,1.14289,-2.17
1,0,0,8,-0.9,-0.08,2.36,2.2,7.864,8.3369,0.81626,0.56214,-2.65
1,0,0,8,-1.505,0.06,2.36,1.93,7.864,7.5762,0.81626,1.30447,-3.1
1,0,0,8,-0.77,0.35,2.36,1.3,7.864,6.82507,0.81626,0.178,-1.56
1,0,0,8,-0.25,0.12,2.36,1.5,7.864,7.5496,0.81626,0.323,-0.44
1,0,0,8,0.3,-0.08,2.36,1.9,7.864,7.8335,0.81626,0.060396,-0.17
1,0,0,8,0.1,-0.12,2.36,2.2,7.864,8.4382,0.81626,1.0778,-0.81
1,0,0,8,-0.15,-0.11,2.36,2.2,7.864,8.967,0.81626,1.56436,-1.67
1,0,0,8,-0.6,-0.05,2.36,2.28,7.864,8.9587,0.81626,2.1251,-2.35
1,0,0,8,-1.26,0.05,2.36,2.54,7.864,9.2255,0.81626,2.30861,-2.92
1,0,0,6,-1.05,0.18,1.9,1.54,7.8335,6.8281,0.060396,0.07554,-1.53
1,0,0,6,-0.75,-0.05,1.9,1.63,7.8335,6.7462,0.060396,0.52766,-0.94
1,0,0,6,-1.11,-0.19,1.9,1.66,7.8335,6.7665,0.060396,0.67584,-0.57
1,0,0,6,-1.64,-0.17,1.9,1.55,7.8335,7.43402,0.060396,-0.5,-0.54
1,0,0,6,-0.82,-0.21,1.9,1.83,7.8335,7.9024,0.060396,0.153236,-0.42
1,0,0,6,-0.82,-0.25,1.9,1.88,7.8335,7.881,0.060396,0.66226,-0.3
1,0,0,6,-0.92,-0.27,1.9,1.91,7.8335,7.6398,0.060396,1.15716,-0.5
1,0,0,6,-1.4,-0.2,1.9,1.9,7.8335,7.72638,0.060396,1.23578,-0.87
1,0,0,6,-1.22,0.48,1.9,1.33,7.8335,6.6339,0.060396,0.43328,-1.61
1,0,0,6,-0.8,0.2,1.9,1.6,7.8335,6.75885,0.060396,0.9174,-1.51
1,0,0,6,-0.45,0.12,1.9,2.16,7.8335,7.09243,0.060396,0.7473,-0.76
1,0,0,6,-0.6,-0.03,1.9,1.9,7.8335,7.28,0.060396,0.55,-0.34
1,0,0,6,-0.45,-0.08,1.9,2.2,7.8335,7.3605,0.060396,1.04638,-0.22
1,0,0,6,-0.7,-0.06,1.9,2.28,7.8335,7.4589,0.060396,1.14289,-0.35
1,0,0,6,-1.2,0,1.9,2.2,7.8335,8.3369,0.060396,0.56214,-0.7
1,0,0,6,-1.805,0.14,1.9,1.93,7.8335,7.5762,0.060396,1.30447,-1.21
1,0,0,6,-1.07,0.43,1.9,1.3,7.8335,6.82507,0.060396,0.178,-2.18
1,0,0,6,-0.55,0.2,1.9,1.5,7.8335,7.5496,0.060396,0.323,-1.07
1,0,0,6,-0.3,0.08,1.9,2.36,7.8335,7.864,0.060396,0.81626,-0.48
1,0,0,6,-0.2,-0.04,1.9,2.2,7.8335,8.4382,0.060396,1.0778,0.19
1,0,0,6,-0.45,-0.03,1.9,2.2,7.8335,8.967,0.060396,1.56436,0.09
1,0,0,6,-0.9,0.03,1.9,2.28,7.8335,8.9587,0.060396,2.1251,2.12
1,0,0,6,-1.56,0.13,1.9,2.54,7.8335,9.2255,0.060396,2.30861,-0.88
1,0,0,6,-0.85,0.22,2.2,1.54,8.4382,6.8281,1.0778,0.07554,-1.62
1,0,0,6,-0.55,-0.01,2.2,1.63,8.4382,6.7462,1.0778,0.52766,-1.01
1,0,0,6,-0.91,-0.15,2.2,1.66,8.4382,6.7665,1.0778,0.67584,-0.64
1,0,0,6,-1.44,-0.13,2.2,1.55,8.4382,7.43402,1.0778,-0.5,-0.75
1,0,0,6,-0.62,-0.17,2.2,1.83,8.4382,7.9024,1.0778,0.153236,-0.84
1,0,0,6,-0.62,-0.21,2.2,1.88,8.4382,7.881,1.0778,0.66226,-0.65
1,0,0,6,-0.72,-0.23,2.2,1.91,8.4382,7.6398,1.0778,1.15716,-0.93
1,0,0,6,-1.2,-0.16,2.2,1.9,8.4382,7.72638,1.0778,1.23578,-1.56
1,0,0,6,-1.02,0.52,2.2,1.33,8.4382,6.6339,1.0778,0.43328,-2.3
1,0,0,6,-0.6,0.24,2.2,1.6,8.4382,6.75885,1.0778,0.9174,-1.61
1,0,0,6,-0.25,0.16,2.2,2.16,8.4382,7.09243,1.0778,0.7473,-0.83
1,0,0,6,-0.4,0.01,2.2,1.9,8.4382,7.28,1.0778,0.55,-0.42
1,0,0,6,-0.25,-0.04,2.2,2.2,8.4382,7.3605,1.0778,1.04638,-0.31
1,0,0,6,-0.5,-0.02,2.2,2.28,8.4382,7.4589,1.0778,1.14289,-0.52
1,0,0,6,-1,0.04,2.2,2.2,8.4382,8.3369,1.0778,0.56214,-1.2
1,0,0,6,-1.605,0.18,2.2,1.93,8.4382,7.5762,1.0778,1.30447,-2.07
1,0,0,6,-0.87,0.47,2.2,1.3,8.4382,6.82507,1.0778,0.178,-2.4
1,0,0,6,-0.35,0.24,2.2,1.5,8.4382,7.5496,1.0778,0.323,-1.24
1,0,0,6,-0.1,0.12,2.2,2.36,8.4382,7.864,1.0778,0.81626,-0.6
1,0,0,6,0.2,0.04,2.2,1.9,8.4382,7.8335,1.0778,0.060396,-0.15
1,0,0,6,-0.25,0.01,2.2,2.2,8.4382,8.967,1.0778,1.56436,-0.19
1,0,0,6,-0.7,0.07,2.2,2.28,8.4382,8.9587,1.0778,2.1251,-0.87
1,0,0,6,-1.36,0.17,2.2,2.54,8.4382,9.2255,1.0778,2.30861,-1.9
1,0,0,4,-0.6,0.21,2.2,1.54,8.967,6.8281,1.56436,0.07554,-0.34
1,0,0,4,-0.3,-0.02,2.2,1.63,8.967,6.7462,1.56436,0.52766,0.03
1,0,0,4,-0.66,-0.16,2.2,1.66,8.967,6.7665,1.56436,0.67584,0.04
1,0,0,4,-1.19,-0.14,2.2,1.55,8.967,7.43402,1.56436,-0.5,-0.52
1,0,0,4,-0.37,-0.18,2.2,1.83,8.967,7.9024,1.56436,0.153236,-0.63
1,0,0,4,-0.37,-0.22,2.2,1.88,8.967,7.881,1.56436,0.66226,-0.45
1,0,0,4,-0.47,-0.24,2.2,1.91,8.967,7.6398,1.56436,1.15716,-0.8
1,0,0,4,-0.95,-0.17,2.2,1.9,8.967,7.72638,1.56436,1.23578,-1.25
1,0,0,4,-0.77,0.51,2.2,1.33,8.967,6.6339,1.56436,0.43328,-1.95
1,0,0,4,-0.35,0.23,2.2,1.6,8.967,6.75885,1.56436,0.9174,-0.25
1,0,0,4,0,0.15,2.2,2.16,8.967,7.09243,1.56436,0.7473,0.24
1,0,0,4,-0.15,0,2.2,1.9,8.967,7.28,1.56436,0.55,0.27
1,0,0,4,0,-0.05,2.2,2.2,8.967,7.3605,1.56436,1.04638,0.08
1,0,0,4,-0.25,-0.03,2.2,2.28,8.967,7.4589,1.56436,1.14289,-0.39
1,0,0,4,-0.75,0.03,2.2,2.2,8.967,8.3369,1.56436,0.56214,-1.14
1,0,0,4,-1.355,0.17,2.2,1.93,8.967,7.5762,1.56436,1.30447,-1.8
1,0,0,4,-0.62,0.46,2.2,1.3,8.967,6.82507,1.56436,0.178,-1.79
1,0,0,4,-0.1,0.23,2.2,1.5,8.967,7.5496,1.56436,0.323,0.04
1,0,0,4,0.15,0.11,2.2,2.36,8.967,7.864,1.56436,0.81626,0.48
1,0,0,4,0.45,0.03,2.2,1.9,8.967,7.8335,1.56436,0.060396,0.58
1,0,0,4,0.25,-0.01,2.2,2.2,8.967,8.4382,1.56436,1.0778,0.45
1,0,0,4,-0.45,0.06,2.2,2.28,8.967,8.9587,1.56436,2.1251,-0.75
1,0,0,4,-1.11,0.16,2.2,2.54,8.967,9.2255,1.56436,2.30861,-1.69
1,0,0,4,-0.15,0.15,2.28,1.54,8.9587,6.8281,2.1251,0.07554,0.63
1,0,0,4,0.15,-0.08,2.28,1.63,8.9587,6.7462,2.1251,0.52766,1.07
1,0,0,4,-0.21,-0.22,2.28,1.66,8.9587,6.7665,2.1251,0.67584,0.44
1,0,0,4,-0.74,-0.2,2.28,1.55,8.9587,7.43402,2.1251,-0.5,0.1
1,0,0,4,0.08,-0.24,2.28,1.83,8.9587,7.9024,2.1251,0.153236,0.14
1,0,0,4,0.08,-0.28,2.28,1.88,8.9587,7.881,2.1251,0.66226,0.29
1,0,0,4,-0.02,-0.3,2.28,1.91,8.9587,7.6398,2.1251,1.15716,0
1,0,0,4,-0.5,-0.23,2.28,1.9,8.9587,7.72638,2.1251,1.23578,-0.26
1,0,0,4,-0.32,0.45,2.28,1.33,8.9587,6.6339,2.1251,0.43328,-0.9
1,0,0,4,0.1,0.17,2.28,1.6,8.9587,6.75885,2.1251,0.9174,1.19
1,0,0,4,0.45,0.09,2.28,2.16,8.9587,7.09243,2.1251,0.7473,1.24
1,0,0,4,0.3,-0.06,2.28,1.9,8.9587,7.28,2.1251,0.55,0.99
1,0,0,4,0.45,-0.11,2.28,2.2,8.9587,7.3605,2.1251,1.04638,0.72
1,0,0,4,0.2,-0.09,2.28,2.28,8.9587,7.4589,2.1251,1.14289,0.36
1,0,0,4,-0.3,-0.03,2.28,2.2,8.9587,8.3369,2.1251,0.56214,-0.17
1,0,0,4,-0.905,0.11,2.28,1.93,8.9587,7.5762,2.1251,1.30447,-0.58
1,0,0,4,-0.17,0.4,2.28,1.3,8.9587,6.82507,2.1251,0.178,-0.49
1,0,0,4,0.35,0.17,2.28,1.5,8.9587,7.5496,2.1251,0.323,1.21
1,0,0,4,0.6,0.05,2.28,2.36,8.9587,7.864,2.1251,0.81626,1.4
1,0,0,4,0.9,-0.03,2.28,1.9,8.9587,7.8335,2.1251,0.060396,1.39
1,0,0,4,0.7,-0.07,2.28,2.2,8.9587,8.4382,2.1251,1.0778,1.24
1,0,0,4,0.45,-0.06,2.28,2.2,8.9587,8.967,2.1251,1.56436,0.62
1,0,0,4,-0.66,0.1,2.28,2.54,8.9587,9.2255,2.1251,2.30861,-0.54
1,0,0,4,0.51,0.05,2.54,1.54,9.2255,6.8281,2.30861,0.07554,1.17
1,0,0,4,0.81,-0.18,2.54,1.63,9.2255,6.7462,2.30861,0.52766,1.48
1,0,0,4,0.45,-0.32,2.54,1.66,9.2255,6.7665,2.30861,0.67584,0.52
1,0,0,4,-0.08,-0.3,2.54,1.55,9.2255,7.43402,2.30861,-0.5,0.43
1,0,0,4,0.74,-0.34,2.54,1.83,9.2255,7.9024,2.30861,0.153236,0.61
1,0,0,4,0.74,-0.38,2.54,1.88,9.2255,7.881,2.30861,0.66226,0.62
1,0,0,4,0.64,-0.4,2.54,1.91,9.2255,7.6398,2.30861,1.15716,0.52
1,0,0,4,0.16,-0.33,2.54,1.9,9.2255,7.72638,2.30861,1.23578,0.17
1,0,0,4,0.34,0.35,2.54,1.33,9.2255,6.6339,2.30861,0.43328,-0.05
1,0,0,4,0.76,0.07,2.54,1.6,9.2255,6.75885,2.30861,0.9174,1.58
1,0,0,4,1.11,-0.01,2.54,2.16,9.2255,7.09243,2.30861,0.7473,1.63
1,0,0,4,0.96,-0.16,2.54,1.9,9.2255,7.28,2.30861,0.55,1.51
1,0,0,4,1.11,-0.21,2.54,2.2,9.2255,7.3605,2.30861,1.04638,1.26
1,0,0,4,0.86,-0.19,2.54,2.28,9.2255,7.4589,2.30861,1.14289,0.89
1,0,0,4,0.36,-0.13,2.54,2.2,9.2255,8.3369,2.30861,0.56214,0.41
1,0,0,4,-0.245,0.01,2.54,1.93,9.2255,7.5762,2.30861,1.30447,-0.03
1,0,0,4,0.49,0.3,2.54,1.3,9.2255,6.82507,2.30861,0.178,0.17
1,0,0,4,1.01,0.07,2.54,1.5,9.2255,7.5496,2.30861,0.323,1.78
1,0,0,4,1.26,-0.05,2.54,2.36,9.2255,7.864,2.30861,0.81626,1.9
1,0,0,4,1.56,-0.13,2.54,1.9,9.2255,7.8335,2.30861,0.060396,1.8
1,0,0,4,1.36,-0.17,2.54,2.2,9.2255,8.4382,2.30861,1.0778,1.56
1,0,0,4,1.11,-0.16,2.54,2.2,9.2255,8.967,2.30861,1.56436,1.15
1,0,0,4,0.66,-0.1,2.54,2.28,9.2255,8.9587,2.30861,2.1251,0.6
